a0,1,cat
360165,553303,4
869718,536928,10
659542,840985,7
322365,530808,4
343217,153037,0
877422,134877,3
399020,404042,13
425356,745471,2
400305,466024,13
153903,353738,5
681049,846975,7
184570,360446,5
614279,599251,12
138073,556272,9
310693,154278,0
490271,216725,8
683048,937776,7
844536,424646,6
321309,569996,4
856561,128799,3
327998,571265,4
660650,615038,12
105353,589239,9
371685,151612,0
749941,916922,7
623433,400160,1
423311,813081,2
353749,391896,13
157394,346500,5
170837,353968,5
843150,156573,3
188093,324040,5
328586,551385,4
630384,376295,1
169145,355279,5
833437,556713,10
712648,607541,12
318681,528806,4
892877,544283,10
807929,730950,14
574989,407228,1
850176,127908,3
473933,191767,8
160206,303063,5
340545,568654,4
804358,320802,6
594029,586701,12
800677,310656,6
122296,566921,9
613037,419086,1
228517,837056,11
885764,151791,3
604554,393193,1
416039,730594,2
614917,600946,12
798983,325682,6
146183,622188,9
199859,316334,5
616468,394118,1
195000,354829,5
687638,439257,1
204854,810013,11
797947,319734,6
588933,366439,1
335999,549795,4
97216,564094,9
812295,728049,14
405117,364266,13
800772,325023,6
855969,193497,3
311516,94189,0
637323,549567,12
313573,109221,0
626700,401688,1
874544,686096,14
844357,163402,3
469782,780552,2
405569,411933,13
605100,573307,12
657094,857640,7
139052,610320,9
674114,970756,7
399346,423786,13
861242,161722,3
600114,413216,1
399149,784376,2
496491,171534,8
438437,730300,2
611318,581584,12
851280,156049,3
236274,861302,11
857360,562228,10
861631,169376,3
874312,574582,10
400727,396769,13
580561,528916,12
861927,562723,10
240308,844341,11
825690,703854,14
823417,701523,14
521032,177084,8
117874,389929,5
756701,207223,3
161387,343617,5
673514,390760,1
877711,703850,14
860563,534839,10
378697,591764,4
427388,815258,2
505512,203857,8
848770,111076,3
822025,749214,14
266111,813259,11
186380,487625,9
331175,551842,4
571334,594145,12
459230,803720,2
425563,163524,8
363437,77975,0
56907,586609,9
599215,391457,1
321216,569834,4
593166,622725,12
381863,416651,13
802254,320673,6
582777,542670,12
353335,592567,4
585175,574133,12
295357,842293,11
360319,778673,2
246182,840370,11
806567,140259,3
795205,316433,6
592924,393730,1
348263,386451,13
830450,393096,6
658590,886551,7
820253,714625,14
400598,790903,2
361159,436327,13
344770,570309,4
357813,572855,4
249857,844975,11
391966,387214,13
688712,568754,12
31842,565765,9
872506,157517,3
397137,742547,2
605958,573728,12
332307,189590,0
794956,309980,6
612936,398723,1
849003,115373,3
432184,395118,13
180506,330980,5
402267,410395,13
333883,276840,0
452570,848127,2
838276,395673,6
168149,345638,5
236207,886769,11
144228,344974,5
872781,154295,3
865113,161302,3
114108,540537,9
239495,163949,0
148319,584541,9
331795,529654,4
854886,769396,14
408712,803987,2
422056,382193,13
139212,557713,9
362753,369848,13
418963,746595,2
849248,164090,3
713088,880834,7
840462,402858,6
639463,847461,7
818119,348676,6
828276,762021,14
617764,397102,1
860870,546516,10
417996,408162,13
559809,162597,8
656642,407213,1
460133,173081,8
356280,185198,0
213022,338238,5
124724,459999,9
832154,559403,10
705518,925936,7
418199,851439,2
808489,317021,6
240213,118409,0
807409,325526,6
786227,765634,14
621560,397789,1
870630,516603,10
656834,885944,7
398311,383357,13
672565,564468,12
437483,785130,2
307616,207295,0
210499,526471,9
870054,738900,14
848563,117708,3
811694,188374,3
590500,418472,1
532549,172894,8
537514,179689,8
591823,639096,12
400468,405703,13
540783,626497,12
505128,175022,8
191257,802651,11
808069,134402,3
867533,542290,10
182618,346663,5
621964,409409,1
563517,391159,1
392660,395873,13
656477,573007,12
726847,875488,7
34795,606311,9
197849,575524,9
629725,405117,1
788220,301915,6
427810,400178,13
829379,718721,14
817269,733788,14
397791,444527,13
541976,512639,12
851088,157432,3
871556,194747,3
803448,314797,6
134422,544300,9
315963,174031,0
383832,340506,13
822670,689090,14
808644,326320,6
822293,786837,14
638004,837697,7
267212,158699,0
400548,402390,13
877510,555087,10
140121,346875,5
143226,522375,9
127202,525948,9
833182,379714,6
780153,136449,3
352381,592377,4
801931,317202,6
854463,159977,3
601644,436831,1
474641,81263,8
328438,532686,4
112184,530469,9
830805,370801,6
310591,841778,11
569692,182365,8
571043,347389,1
436951,814456,2
623137,408209,1
839514,728923,14
168443,367928,5
845120,549830,10
653745,809028,7
853093,586321,10
628655,321099,1
197463,378513,5
537836,177165,8
319208,164182,0
94458,533883,9
828001,524067,10
590583,623314,12
652745,406585,1
501416,172980,8
685124,873363,7
169069,348929,5
854979,539793,10
620955,389692,1
459328,805961,2
844400,150812,3
821464,700760,14
171318,373473,5
270233,195701,0
680592,858526,7
341016,545280,4
694451,863981,7
302359,534317,4
573324,878802,7
437035,755506,2
825596,639465,14
560362,567914,12
311819,140674,0
333143,200298,0
210597,589836,9
677404,883871,7
498389,178069,8
200005,825237,11
189102,333074,5
669118,354195,1
449571,387141,13
281732,221764,0
403329,717870,2
369480,377148,13
688076,833905,7
880545,506175,10
815593,689874,14
248276,844455,11
682699,851115,7
152658,569277,9
858934,162874,3
513181,177419,8
495995,160032,8
159191,309314,5
862759,157988,3
210162,860529,11
335201,585318,4
312726,853829,11
443447,783977,2
797233,713358,14
810460,735109,14
674905,876286,7
354094,424230,13
920249,551171,10
245118,811283,11
659081,860560,7
834171,189042,3
562777,437516,1
509651,149290,8
585207,336451,1
623248,399928,1
639431,588155,12
507674,147431,8
383821,808301,2
327734,163585,0
274070,798617,11
635690,608046,12
837017,154170,3
607604,573951,12
619318,361696,1
617493,379303,1
803627,319323,6
183478,851724,11
141771,551655,9
680228,843225,7
258779,106777,0
508597,173640,8
165657,338722,5
533351,147778,8
582389,428200,1
493897,189627,8
201907,516078,9
415270,775605,2
854012,157449,3
603789,574474,12
846484,719360,14
875311,542259,10
574369,207483,8
789601,714058,14
322209,547247,4
690018,819280,7
316820,150304,0
565829,395454,1
619427,396945,1
118137,579149,9
328657,564864,4
331798,143962,0
611508,503220,12
836225,709204,14
605250,573272,12
403160,392159,13
125351,529954,9
653258,860766,7
362027,150348,0
897131,604582,10
321924,527106,4
412767,593558,4
545365,210090,8
283570,563726,4
846256,154064,3
629789,426313,1
850533,160136,3
488330,173837,8
235901,856563,11
850057,157848,3
453154,776082,2
390282,789593,2
197367,535989,9
373339,398565,13
370252,347498,13
473799,795167,2
873380,495161,10
77875,516899,9
601444,572693,12
113259,568684,9
110479,594587,9
850538,160159,3
172879,347028,5
657455,567754,12
865081,551012,10
343851,193618,0
593601,445149,1
414374,439977,13
170155,343568,5
791199,164843,3
241166,845204,11
141222,572556,9
403365,215735,0
118590,857150,11
338347,337961,13
859577,544625,10
857126,548151,10
345840,561591,4
402109,430185,13
865157,562132,10
604168,555003,12
820327,352701,6
680677,868629,7
700098,894685,7
840349,790707,14
802738,312234,6
343376,575709,4
425019,759577,2
694308,904062,7
118391,553625,9
811277,335577,6
358562,112650,0
549642,157506,8
393758,750953,2
625579,551084,12
672068,874862,7
631446,561156,12
159711,352701,5
825541,151495,3
656957,871011,7
853692,746285,14
139237,548782,9
325958,573367,4
306298,551902,4
807278,566392,10
671404,857240,7
511868,170991,8
178495,373915,5
816955,747629,14
820757,738235,14
598184,531473,12
541435,206637,8
797313,317527,6
861966,562885,10
838146,159541,3
378563,789670,2
139460,557260,9
621726,578003,12
893145,551400,10
627580,840406,7
675382,836312,7
860106,157080,3
789448,738035,14
332853,168141,0
378274,816341,2
343119,382074,13
330881,579058,4
546565,151576,8
175781,341039,5
179224,584189,9
709254,847444,7
895245,150977,3
426040,825049,2
801145,317601,6
87236,607429,9
149269,341445,5
551740,588768,12
618893,419740,1
271123,163465,0
177728,352687,5
786635,269352,6
329859,564384,4
102460,533057,9
802394,87835,3
865084,713697,14
648590,917839,7
415933,422485,13
404220,785798,2
397158,370362,13
850945,161669,3
134134,842630,11
540196,180312,8
98525,579761,9
457338,789952,2
394022,803914,2
889975,589361,10
632060,367800,1
339115,566863,4
294053,878220,11
880275,564545,10
801609,320399,6
821259,750089,14
609030,552436,12
838036,749612,14
454160,102568,8
868979,528502,10
469404,181944,8
153181,277968,5
799291,317500,6
814317,333112,6
320821,165455,0
567188,560044,12
591725,406549,1
241485,523039,4
416359,786189,2
899052,526048,10
800865,312968,6
396710,378698,13
346942,152780,0
814401,341234,6
413556,758080,2
331987,568997,4
786234,267976,6
147911,328024,5
290700,196285,0
184798,392233,5
293201,192871,0
547076,156969,8
800123,312312,6
248427,146381,0
144401,565666,9
514622,206979,8
682053,853410,7
177246,571940,9
386377,574187,4
599647,858702,7
721401,951880,7
878258,158631,3
693783,860206,7
172116,513383,9
722463,882675,7
682420,846881,7
864494,136669,3
537174,194410,8
116860,550810,9
892340,149050,3
142516,559062,9
624369,532153,12
155690,368375,5
318215,180010,0
651740,589474,12
800804,316615,6
659166,861665,7
139978,587153,9
368200,364844,13
291723,177824,0
308726,371721,13
817119,336333,6
825515,738284,14
509223,177592,8
334980,143900,0
834293,161575,3
803370,318247,6
674311,859933,7
815131,704478,14
415222,434798,13
135284,555664,9
245707,844466,11
392185,713763,2
828147,808738,14
858834,149259,3
204922,854068,11
861868,549168,10
789583,287700,6
824835,704997,14
146821,297434,5
789356,159383,3
652233,886054,7
318665,158107,0
402309,786873,2
446537,828924,2
496130,178113,8
396150,430329,13
800258,733812,14
796353,710294,14
326959,154655,0
844086,531300,10
268518,181514,0
292492,99170,0
803216,577565,10
402081,407514,13
848135,130674,3
245144,845719,11
409823,412908,13
402891,801910,2
186806,334070,5
418618,811618,2
855983,534803,10
779897,279572,6
215243,289985,5
874110,541972,10
808440,729985,14
389392,730768,2
509522,174376,8
130157,581286,9
315333,144566,0
276635,875623,11
593865,572987,12
849343,713993,14
784291,581417,10
400079,749617,2
615826,863168,7
680381,823757,7
101722,535117,9
851568,114049,3
243511,830743,11
338588,543875,4
671609,815681,7
345976,148333,0
508144,167733,8
804119,328544,6
306540,193434,0
730287,897070,7
213951,352868,5
809054,345541,6
564416,878492,7
95071,503965,9
655201,411873,1
617447,366176,1
394912,755947,2
560393,389490,1
415806,783594,2
220884,916718,11
871981,649086,14
658735,399039,1
369199,734895,2
336266,148507,0
140717,554093,9
622557,361134,1
338633,563504,4
767482,727417,14
816775,739989,14
393570,579641,4
397889,398501,13
232357,810798,11
404420,577532,4
417447,782955,2
675551,956849,7
401854,402867,13
523036,123677,8
377408,395123,13
703773,870419,7
615934,426539,1
853874,560250,10
253890,807676,11
396548,784388,2
178869,370161,5
617755,401065,1
111174,539350,9
391530,398743,13
409291,431539,13
264627,808661,11
133795,360518,5
412541,806622,2
162040,316797,5
312386,555195,4
132705,557674,9
430167,811490,2
160922,347681,5
379128,418858,13
401478,785370,2
672876,844123,7
130582,565948,9
629891,414975,1
493070,189771,8
827081,694553,14
161345,350804,5
601900,569391,12
163981,344090,5
863102,545783,10
600582,599535,12
457033,127590,8
652349,321291,1
819438,662327,14
586242,396484,1
809453,736879,14
287127,192494,0
842786,614034,10
818668,120458,3
267799,847911,11
304086,576100,4
850959,157920,3
367751,578289,4
608195,447380,1
640432,837036,7
181227,347052,5
671976,864630,7
236431,844100,11
129332,360811,5
887269,166179,3
515494,188459,8
331667,570387,4
615342,413931,1
410336,767856,2
368724,598412,4
321556,163352,0
320210,191459,0
827802,189078,3
494574,198972,8
327695,543105,4
478361,409520,13
328425,159826,0
341446,538787,4
848783,748980,14
683656,842406,7
814732,734183,14
870247,121460,3
810253,323873,6
161154,538355,9
446368,763341,2
601599,388540,1
509039,173839,8
641902,755287,7
790774,303642,6
256889,880721,11
292931,125341,0
334182,558498,4
136418,562926,9
219779,330969,5
510901,175806,8
132497,593125,9
658884,390135,1
397806,749559,2
136078,547418,9
382693,749680,2
862425,741010,14
871544,144135,3
768565,762193,14
822474,780882,14
593317,534085,12
151099,518008,9
142767,538646,9
145758,562414,9
811391,343836,6
141113,351050,5
227363,836593,11
497211,174121,8
834632,541216,10
591831,438997,1
373191,88470,0
407189,437102,13
513991,165072,8
433100,134861,8
358793,547046,4
840299,118907,3
605899,412428,1
563460,480559,1
155228,357729,5
882306,173836,3
185561,342784,5
221706,875060,11
599766,409755,1
619239,400025,1
125715,302114,5
332270,556288,4
862679,188399,3
854996,81095,3
392140,769924,2
170384,339979,5
611875,422910,1
604001,573587,12
306326,164202,0
622101,371771,1
376493,366302,13
800872,672603,14
600996,890782,7
332284,194186,0
597026,642918,12
796943,674692,14
828038,149181,3
863859,546898,10
381340,409680,13
129030,588495,9
658281,582264,12
828179,155649,3
396903,591235,4
222356,840843,11
437568,794323,2
827031,734324,14
246468,838071,11
672387,800443,7
834602,213597,3
426625,475977,13
868626,737331,14
815298,167390,3
325883,560492,4
639502,371440,1
204597,863162,11
152331,529689,9
268672,508874,4
247997,878582,11
170494,560892,9
639507,438534,1
596179,529556,12
687360,862438,7
182239,333302,5
149760,577278,9
781260,737962,14
546640,560043,12
198908,372797,5
783110,289805,6
592804,584539,12
299578,572052,4
843911,730036,14
604090,574392,12
509554,186931,8
147664,559632,9
153607,379395,5
398498,776720,2
800966,317165,6
805977,320805,6
405322,414743,13
868442,160118,3
332116,594868,4
322936,368566,13
879104,595389,10
408428,771823,2
389868,410718,13
333787,189423,0
221233,538472,9
902529,162041,3
849938,156042,3
201753,569116,9
148749,359845,5
626224,569687,12
644693,867371,7
303637,570253,4
598657,442558,1
411957,397796,13
267478,894783,11
103153,601002,9
894268,532597,10
297731,175876,0
135336,552552,9
797569,321799,6
520878,209094,8
125902,318850,5
559078,570088,12
351815,574947,4
342901,582886,4
669288,860515,7
691827,863963,7
187894,871219,11
799903,784535,14
801093,317509,6
415495,116126,0
301983,173386,0
816145,349032,6
236749,813868,11
308489,145929,0
883929,121705,3
235337,831592,11
685785,409913,1
817395,734126,14
144570,573936,9
871873,509094,10
714443,433876,1
257480,849037,11
508907,173787,8
620818,396967,1
820455,729132,14
185966,359964,5
836433,200181,3
838223,766380,14
165158,343946,5
230591,874855,11
29760,557873,9
696601,603624,12
804691,332987,6
367806,123963,0
250198,825417,11
639394,576728,12
174057,358906,5
806192,337849,6
209922,850026,11
328331,541094,4
48143,523870,9
641840,886745,7
512051,145220,8
257472,849587,11
664355,831472,7
325767,164095,0
842824,177832,3
297110,556485,4
825605,167750,3
506069,169723,8
804190,320706,6
230399,842538,11
217686,296514,5
365058,545456,4
877964,242679,3
490037,164357,8
397747,792207,2
540364,163758,8
665660,828338,7
161273,347538,5
123441,594415,9
385338,440797,13
154268,542573,9
346079,220993,0
137098,384889,5
313649,523765,4
603145,574795,12
419721,789724,2
162713,586568,9
473093,188791,8
618053,357534,1
429653,438596,13
720629,816515,7
628264,616214,12
841752,731595,14
851282,153750,3
456025,389630,13
669178,866011,7
624599,417673,1
162606,363185,5
565148,557305,12
769876,257669,6
860986,140320,3
878749,188759,3
633304,366062,1
357275,551101,4
672266,862875,7
218942,848326,11
332470,161202,0
806320,315242,6
659191,459637,1
481083,151953,8
370775,144355,0
601376,579831,12
774526,757135,14
629004,392271,1
182854,534283,9
545235,539822,12
836450,151205,3
247613,815836,11
264798,767716,11
139903,592241,9
589344,563119,12
508789,174256,8
411090,435389,13
390934,170420,0
854769,713941,14
801080,318049,6
589994,610890,12
832798,734777,14
170002,370000,5
533799,564377,12
373943,376926,13
801456,320080,6
404288,349685,13
895565,501871,10
393903,387227,13
357253,388075,13
673292,857105,7
716590,874975,7
361370,552483,4
169966,368623,5
336829,562228,4
175586,365049,5
602667,575857,12
439145,407748,13
822224,742716,14
853562,531620,10
413894,564459,4
136301,569544,9
315965,587160,4
387631,749416,2
816840,539239,10
844088,150085,3
618157,384990,1
600665,638890,12
807017,330432,6
320400,160020,0
172885,352621,5
424228,442208,13
617444,397675,1
900955,185733,3
696144,548705,12
238080,830689,11
38179,532155,9
861381,546835,10
801386,313545,6
577242,574073,12
800816,176612,3
650120,324477,1
332562,174699,0
601212,370698,1
561110,219865,8
178005,594957,9
700340,335010,6
225846,874086,11
798321,319665,6
186380,363938,5
113321,606322,9
723173,872525,7
239387,847822,11
854818,554389,10
344314,595915,4
250394,847577,11
520880,200955,8
854628,773470,14
318738,182134,0
415895,775793,2
477155,161019,8
508228,220433,8
595215,391491,1
775604,274485,6
603566,410391,1
377870,377550,13
253339,750941,11
473649,178184,8
924289,171369,3
846216,528037,10
369418,733394,2
310824,144943,0
198197,344933,5
672059,860501,7
256316,818886,11
169569,346955,5
811502,355939,6
512900,219252,8
64979,538104,9
305915,854818,11
344552,554676,4
470062,771204,2
291170,110147,0
231263,863308,11
280274,182662,0
819670,183364,3
127940,590467,9
598628,425191,1
142575,517378,9
790738,308028,6
603855,575180,12
97430,598804,9
883231,232031,3
633894,404424,1
169880,343122,5
345674,579033,4
406739,400918,13
228095,843338,11
245783,109229,0
627912,593892,12
260922,785987,11
629000,417990,1
477901,173288,8
314666,849163,11
502511,205121,8
849653,143827,3
842719,506205,10
598053,438963,1
419151,577335,4
617310,551945,12
916704,609548,10
528938,174372,8
228711,848090,11
316257,171544,0
404445,402466,13
474368,812039,2
401313,405195,13
606486,420054,1
849537,157510,3
336928,557412,4
858418,546935,10
489182,773934,2
240846,841609,11
683413,861559,7
488205,420586,13
533566,214619,8
389552,750700,2
699124,824089,7
158664,310765,5
407429,399155,13
684091,842566,7
105193,596017,9
861069,548327,10
366794,582584,4
667639,571164,12
210102,333312,5
873527,126426,3
473316,162622,8
502355,164119,8
143879,536650,9
597017,575588,12
651216,815098,7
792990,685472,14
793019,764859,14
456799,844976,2
794667,315069,6
515612,540643,12
878690,739021,14
805462,317833,6
657981,866945,7
905770,531812,10
138220,560056,9
812152,689907,14
595014,632844,12
409701,750741,2
158060,525533,9
465599,383470,13
336023,416862,13
812240,177846,3
850888,736810,14
754841,796342,14
801997,319385,6
835428,731189,14
589244,573777,12
908069,146564,3
161448,373412,5
198712,303299,5
359772,568428,4
125840,520239,9
336974,563207,4
125005,540340,9
817410,346944,6
864088,171351,3
144325,538991,9
876863,176593,3
475944,189337,8
816056,542574,10
402660,406054,13
644843,838626,7
654937,781879,7
866878,501919,10
293746,544468,4
813561,583156,10
536623,213083,8
255185,825960,11
264427,188193,0
838142,156770,3
656156,868643,7
873742,448214,10
196795,190277,0
168274,374689,5
174834,411644,5
251866,864044,11
609286,586782,12
272394,837600,11
616044,533807,12
797105,316002,6
299460,144708,0
394159,411676,13
672668,861428,7
494000,189403,8
848586,789052,14
662898,884734,7
230049,865536,11
108512,525986,9
238084,844799,11
822425,727248,14
339393,209145,0
612184,570393,12
563315,215613,8
875640,561262,10
793684,312065,6
370259,585265,4
673953,835926,7
847728,576707,10
576488,397913,1
140989,537156,9
409142,811927,2
888892,702505,14
798904,324420,6
187854,354777,5
173576,507309,9
483423,111797,8
274495,182470,0
283576,809069,11
779437,281959,6
855656,162100,3
183970,355973,5
608601,418450,1
491382,122267,8
312337,154488,0
830658,368694,6
104862,608089,9
127858,609681,9
857309,139276,3
632125,541413,12
700341,869730,7
872057,122354,3
796609,319691,6
682241,850176,7
821361,175823,3
828297,715480,14
619637,395224,1
718544,888401,7
800667,315995,6
166323,352927,5
634661,446187,1
108232,373112,5
805089,96540,3
601182,582584,12
534461,178056,8
189499,356601,5
416433,786159,2
81648,360080,5
179189,536028,9
794991,291216,6
368864,411216,13
334812,137431,0
589862,418742,1
814697,729209,14
220224,592068,9
807293,347456,6
505384,174535,8
415233,441297,13
94933,588147,9
426115,814461,2
491792,214464,8
855045,547633,10
606289,670243,12
874239,594786,10
252586,806474,11
904133,534915,10
380202,396671,13
807072,687932,14
447192,359893,13
830888,544022,10
137172,523482,9
798633,317300,6
614943,540976,12
824013,753991,14
803457,735855,14
136967,565662,9
176433,350561,5
396617,801039,2
172690,847721,11
483776,213021,8
324952,565867,4
433463,410297,13
67867,545392,9
268938,211870,0
329428,66056,0
343247,564376,4
509956,141698,8
635242,356290,1
292194,906490,11
168067,340249,5
430686,844506,2
925732,210388,3
394018,799506,2
154620,576738,9
444816,409502,13
446538,180119,8
799326,106384,3
801326,315779,6
385140,796221,2
502877,192740,8
509804,175714,8
862925,243856,3
527515,831478,2
141718,549576,9
182499,310438,5
589164,386733,1
675988,841317,7
352220,602793,4
367398,701756,2
320628,564596,4
288954,846991,11
705929,851313,7
561574,621747,12
880833,537039,10
520809,176718,8
414951,852935,2
442260,754050,2
814280,344223,6
803031,325811,6
650859,460072,1
353583,554147,4
159472,372246,5
320972,170417,0
190241,329582,5
292402,184441,0
807420,168787,3
139474,569485,9
676220,858214,7
558478,213316,8
397688,762902,2
424365,371987,13
810277,520837,10
846622,553552,10
411053,432808,13
136580,553967,9
674265,861435,7
292193,125417,0
418155,819422,2
156945,339397,5
499643,171625,8
689628,868984,7
858703,157931,3
388743,388465,13
421187,779726,2
167716,562762,9
879221,655497,14
157193,350343,5
526559,509417,12
606111,617846,12
457561,788245,2
673332,857517,7
659321,404555,1
472691,802678,2
417617,414816,13
424782,449687,13
838808,524944,10
374695,563163,4
340693,569371,4
387103,401925,13
837582,763266,14
649345,864613,7
115363,305575,5
186361,351075,5
820675,168154,3
317331,556086,4
836647,167267,3
346144,560472,4
842616,515205,10
683580,872374,7
343450,570659,4
858151,548242,10
409417,758123,2
335027,565050,4
193275,538687,9
604703,392288,1
455460,153040,8
819541,117296,3
358652,186358,0
609091,437020,1
804706,788001,14
241138,844374,11
826585,366934,6
160222,380591,5
614877,402442,1
585195,555011,12
141924,558399,9
808779,732990,14
803377,319212,6
407040,577739,4
895835,123485,3
345903,561314,4
179483,359645,5
163956,833732,11
673449,860643,7
805080,323708,6
84501,604671,9
140101,341028,5
646671,857872,7
171614,435530,5
788020,765562,14
122360,357480,5
158750,312102,5
109912,565003,9
607911,576556,12
519113,194925,8
321312,574721,4
420083,787815,2
159253,343477,5
168079,347343,5
800694,316789,6
190634,357254,5
222704,824909,11
881789,727577,14
625784,441883,1
442826,795974,2
391555,789079,2
489062,200329,8
865489,548920,10
670119,859029,7
313783,177198,0
437870,375761,13
600679,599545,12
325118,556212,4
417016,774869,2
474652,193224,8
384467,407359,13
795489,287279,6
410019,732704,2
821835,564313,10
371779,814715,2
514219,167014,8
671919,571761,12
866044,584750,10
832372,600070,10
765283,249459,6
619415,397644,1
136569,532130,9
425260,773661,2
672474,868765,7
643965,366316,1
668234,886696,7
813173,354777,6
563763,559454,12
869960,562146,10
596796,529933,12
850607,565348,10
778965,282290,6
541006,175198,8
557378,567033,12
434440,822866,2
341137,78287,0
846772,509036,10
500192,192292,8
626811,372435,1
336585,420977,13
803962,731228,14
347197,591316,4
801526,705057,14
844729,682981,14
491442,116195,8
325125,564342,4
399634,751940,2
309684,150076,0
801441,323812,6
430138,818594,2
616329,529516,12
180493,319750,5
562356,383175,1
846693,429031,6
800231,732106,14
259173,548593,4
813436,360446,6
370839,727884,2
506012,178372,8
793669,724513,14
631182,565466,12
351459,565704,4
877125,161227,3
335476,183897,0
367922,415238,13
289719,866638,11
242087,844255,11
425796,795608,2
881571,532467,10
241545,838673,11
415631,805010,2
325871,558965,4
400550,144359,0
669427,846395,7
669713,851017,7
801323,316240,6
200251,306215,5
859515,505303,10
377758,413906,13
247484,846372,11
613840,534167,12
398478,822297,2
835831,555864,10
137699,556769,9
862189,735684,14
382720,263255,0
507445,193647,8
681941,370225,1
306357,123397,0
271205,817620,11
305901,166656,0
500360,213540,8
293864,241877,0
908506,549611,10
889805,522039,10
125675,360158,5
802012,318315,6
605913,579526,12
872237,555834,10
364844,571623,4
508099,175066,8
219498,851932,11
514173,139330,8
822843,763117,14
661357,801817,7
495165,163113,8
801174,320442,6
839121,736259,14
859177,143273,3
401492,790336,2
375353,117180,0
419700,793447,2
847644,164348,3
480128,785580,2
221994,575146,9
516084,178725,8
808555,600511,10
868736,179354,3
634383,422065,1
825141,535997,10
605891,428146,1
352209,548608,4
393758,439738,13
765502,240340,6
409244,460295,13
269483,848608,11
860520,544023,10
798612,326404,6
486870,146947,8
602365,916673,7
261633,773355,11
326043,553772,4
422261,374345,13
398153,407081,13
915666,506439,10
185071,362905,5
335742,196692,0
508080,175697,8
237120,856814,11
906382,534459,10
476144,772131,2
846090,651306,14
202011,337353,5
152861,407965,5
388806,569524,4
219864,842635,11
325275,866433,11
677896,867053,7
910435,171155,3
424241,452915,13
242443,851797,11
402851,395579,13
182093,321311,5
377975,461076,13
77109,512651,9
841762,777572,14
334350,556417,4
279010,181792,0
533931,173291,8
165476,377389,5
851517,541076,10
823987,687499,14
697959,614701,12
401923,417123,13
895623,178393,3
801301,316893,6
831024,505776,10
804251,331304,6
616040,330855,1
177665,557923,9
378347,144880,0
823108,733302,14
456821,105575,8
882007,593653,10
619445,567491,12
630067,372798,1
681053,892766,7
877440,529137,10
325057,581121,4
829482,475863,10
868025,569296,10
347406,155708,0
845589,192916,3
227819,900986,11
470314,178936,8
496476,140337,8
412109,735920,2
618349,397614,1
617954,395504,1
319155,159850,0
481356,162127,8
862569,719773,14
337894,175289,0
812869,346251,6
461751,817277,2
679747,860939,7
855603,542414,10
339632,536577,4
176278,550602,9
241633,846949,11
898976,198452,3
232043,177614,0
857972,160214,3
832054,751330,14
635324,420555,1
137197,556522,9
603945,361794,1
307747,128551,0
821908,732077,14
140876,334435,5
340712,563178,4
121650,599844,9
411471,446824,13
294310,563522,4
854922,159650,3
765011,607246,10
880958,588608,10
304399,545221,4
795909,462864,10
704574,866263,7
279923,805957,11
496384,166644,8
131874,552586,9
849118,571562,10
140047,540043,9
824185,167369,3
422419,754048,2
846936,161313,3
144306,328086,5
807696,320548,6
407565,766203,2
361875,448199,13
667620,855461,7
414290,393146,13
621778,364695,1
376660,815936,2
849681,125345,3
473361,185066,8
119496,543146,9
628131,406850,1
571692,449353,1
825716,373098,6
871723,685520,14
346717,178180,0
241413,845029,11
511484,160453,8
403890,792420,2
324093,580491,4
517495,186329,8
371464,328177,13
330767,552963,4
801903,312794,6
289087,565427,4
850219,110573,3
138525,534268,9
260590,827955,11
245602,857160,11
141991,539522,9
594720,848457,7
410601,410653,13
138449,555969,9
223732,826580,11
514408,173338,8
69565,599820,9
221002,870506,11
283017,850861,11
395013,387179,13
702654,841548,7
383044,180418,0
861656,545794,10
300366,565761,4
203254,362605,5
149863,284721,5
237689,839510,11
243331,844022,11
171074,293610,5
873636,510687,10
166904,503121,9
262846,559590,4
803932,318781,6
614615,574437,12
663095,949045,7
841967,150890,3
375233,399429,13
470922,770669,2
616281,845406,7
846082,541026,10
138461,558771,9
790206,747165,14
594084,629464,12
357923,192120,0
298800,824277,11
653181,886417,7
150009,371014,5
803386,318982,6
417393,771537,2
182751,435819,5
264274,813041,11
253703,834676,11
246857,852483,11
192775,350028,5
621629,397208,1
673646,857346,7
603021,577991,12
522869,176818,8
233931,838374,11
639418,537903,12
846752,613846,10
837032,509264,10
267264,153034,0
495388,156422,8
850775,162968,3
130683,363204,5
593490,623110,12
386415,801444,2
162124,500069,9
819256,201704,3
241687,844256,11
333378,557892,4
408714,391412,13
397764,406712,13
801634,318965,6
799667,316830,6
679211,886670,7
321262,178491,0
620213,574468,12
347039,195468,0
373907,558472,4
620939,385731,1
502737,174437,8
884750,154317,3
611044,571814,12
372621,772258,2
163796,345091,5
409628,833942,2
171461,348130,5
452457,597461,4
439048,403700,13
460684,371809,13
600117,539079,12
124132,340448,5
139299,314046,5
122986,334382,5
383855,390984,13
345069,165968,0
163091,350167,5
158871,312380,5
411488,837715,2
505079,219082,8
133094,557996,9
860375,544804,10
674151,853540,7
905936,150106,3
401616,404245,13
433989,765343,2
684558,878573,7
710082,881600,7
659280,845579,7
469656,153741,8
123905,508486,9
848413,183717,3
800394,301473,6
857620,709386,14
501334,163002,8
841289,701474,14
817776,525600,10
293591,522132,4
864325,170593,3
515348,184750,8
520782,134308,8
673410,863889,7
818079,108536,3
451853,420873,13
826228,376658,6
818338,800932,14
607665,447516,1
356500,188114,0
638966,486628,1
338935,567577,4
858867,700187,14
799912,323363,6
677459,896720,7
323905,168029,0
862002,534006,10
403751,385539,13
406176,760860,2
107124,325984,5
102898,592834,9
604546,847329,7
326152,563230,4
236740,853169,11
898578,612291,10
286568,547471,4
474527,107596,8
222019,839774,11
400473,408327,13
505225,158750,8
265299,859533,11
614683,367259,1
637594,420311,1
865489,161762,3
597428,569940,12
814249,488483,10
163766,859386,11
417795,405673,13
839339,726322,14
604973,574773,12
331381,162660,0
438860,114065,8
608747,363132,1
365567,547606,4
432892,815223,2
409515,756149,2
19835,570290,9
813781,738344,14
354132,161850,0
145282,391482,5
684739,884934,7
180519,368284,5
424375,721868,2
839445,149778,3
404157,406324,13
138199,541774,9
840059,534876,10
640000,863831,7
675633,863416,7
243941,843256,11
257788,880587,11
605876,550640,12
497406,125809,8
499009,205823,8
430747,776261,2
124516,325289,5
265815,540385,4
216061,848623,11
306042,66361,0
877298,565604,10
169293,348686,5
628696,542447,12
136059,558213,9
341966,561987,4
417673,785965,2
220620,819091,11
446307,796523,2
793560,285392,6
514981,172608,8
658403,611332,12
144502,345417,5
579922,379009,1
138122,557230,9
366688,562413,4
397213,377839,13
651828,468138,1
340970,564831,4
394274,837428,2
823959,737866,14
136606,562296,9
436648,859634,2
411526,784658,2
320718,158610,0
516963,174184,8
629533,537542,12
843111,581603,10
271093,861412,11
232047,522748,9
838587,700545,14
883434,581923,10
822883,728314,14
117959,536156,9
137787,566189,9
795527,315510,6
810467,706465,14
669638,842011,7
855074,542557,10
303269,531608,4
846575,159002,3
683941,915579,7
406337,750353,2
352874,807952,2
369490,164369,0
508797,176269,8
312558,520650,4
821337,733356,14
233105,591646,9
509285,174620,8
704570,845515,7
865020,550686,10
122130,568886,9
615649,429323,1
569197,559307,12
794826,309589,6
391776,409868,13
832651,373469,6
388479,343648,13
202547,601240,9
820238,732928,14
419485,804779,2
332586,566187,4
797009,293194,6
599612,859210,7
321245,141627,0
592714,553958,12
231781,799444,11
270404,183080,0
840425,762290,14
679465,399014,1
511118,175212,8
238524,842928,11
876408,183646,3
801662,318423,6
256120,141529,0
334785,565575,4
395817,788858,2
322789,137560,0
813868,188928,3
885379,603686,10
507741,178883,8
353941,399967,13
819580,545900,10
104489,542515,9
159302,337993,5
859703,156782,3
713579,879202,7
603388,403039,1
501111,157402,8
850965,156224,3
102983,382712,5
289423,559134,4
404359,783919,2
401407,759648,2
128953,304971,5
667280,765619,7
225991,869734,11
238748,551038,4
276600,823311,11
148510,579793,9
805372,313397,6
523329,404632,1
919544,541255,10
110948,539533,9
568570,579335,12
415993,776671,2
889142,154467,3
278929,842054,11
400008,789447,2
854753,190254,3
588952,437524,1
788166,702817,14
624310,398408,1
131523,568207,9
826789,377676,6
137347,622867,9
359831,554975,4
605407,427914,1
674365,860819,7
352910,145624,0
394606,401451,13
300294,178772,0
504728,174541,8
403852,792473,2
202053,322650,5
295375,861990,11
359796,165920,0
363857,784086,2
94382,320888,5
699668,863774,7
357466,354094,13
611357,393577,1
380749,403860,13
336085,170252,0
799001,302014,6
606144,575076,12
541498,192746,8
738190,371970,6
823856,749355,14
620685,880813,7
389410,788256,2
822078,711840,14
684131,898331,7
832621,150748,3
402710,424367,13
808717,335740,6
360703,150999,0
338205,566246,4
140164,531093,9
600032,575310,12
500474,169746,8
822156,732296,14
467535,416014,13
678856,850293,7
802111,320817,6
330335,568221,4
818622,370753,6
816852,352965,6
850453,155432,3
269126,508814,4
372230,412488,13
380609,185976,0
809259,345634,6
345164,579614,4
803202,549001,10
323329,93955,0
846741,539481,10
442931,430123,13
624328,392133,1
128669,574591,9
375573,809249,2
831446,182864,3
176982,354631,5
114311,601605,9
879805,547494,10
507832,181513,8
424811,413300,13
133580,348602,5
424720,768456,2
405714,781619,2
179240,577011,9
276794,384458,5
802431,322048,6
846011,160034,3
499272,168413,8
249616,144446,0
878859,540155,10
110877,562558,9
631297,578351,12
680506,840053,7
511106,122518,8
338044,233264,0
289002,520678,4
415394,396940,13
143592,606949,9
471930,844046,2
937823,540173,10
369044,371649,13
169121,347594,5
240645,855514,11
259973,862559,11
820194,734233,14
352429,359750,13
856619,544008,10
154167,353183,5
582015,546191,12
430243,781020,2
665965,449273,1
130201,562734,9
861023,545953,10
338863,563107,4
795571,310093,6
795124,696429,14
762269,792243,14
305292,175260,0
338717,181582,0
608182,416637,1
513562,229098,8
203667,577260,9
383197,409869,13
361227,221878,0
820367,732364,14
667472,570571,12
142455,343512,5
244618,845420,11
597173,575538,12
408182,408351,13
408689,562521,4
824212,363776,6
825080,746712,14
804474,747122,14
858587,150101,3
353145,580916,4
843905,219401,3
791722,162000,3
160835,347784,5
672598,856928,7
166584,349245,5
617296,386864,1
523796,219588,8
796375,309563,6
506288,177990,8
823618,734216,14
567105,437623,1
857648,511640,10
606587,573873,12
663945,828490,7
636769,854047,7
665775,845662,7
692386,863386,7
607269,536961,12
669697,859388,7
869288,168662,3
338474,564151,4
473514,788780,2
853554,158012,3
504243,237336,8
664260,859029,7
456566,743012,2
867125,168762,3
519421,154681,8
877413,541536,10
618009,867493,7
822722,553764,10
668519,860048,7
837019,215527,3
343651,438750,13
645233,927201,7
535787,199735,8
773292,531652,10
689948,850548,7
851216,516166,10
322101,164171,0
874791,559085,10
504511,149234,8
591484,571087,12
171848,343242,5
380458,329635,13
121786,564225,9
208941,860169,11
322140,165212,0
377941,403683,13
625416,868848,7
314791,163370,0
544056,577786,12
335121,214149,0
372424,413163,13
415672,787824,2
827711,732798,14
833716,758772,14
320827,519618,4
178319,318244,5
163190,331719,5
396520,405610,13
509173,178051,8
507895,177445,8
198415,321418,5
350964,149159,0
233480,289069,5
629247,364078,1
855852,134834,3
149906,546909,9
695092,820091,7
675858,410545,1
925485,596955,10
425950,788228,2
519962,175210,8
675357,870850,7
288675,919879,11
384922,582877,4
117089,561455,9
731712,878998,7
668839,882598,7
394846,407130,13
858058,196183,3
348893,195430,0
340383,600071,4
128788,546091,9
846720,162060,3
835790,127898,3
858537,548576,10
824098,714042,14
439514,758221,2
377215,418429,13
318707,160697,0
876782,536438,10
225356,318394,5
324518,167369,0
839757,190518,3
338474,563350,4
312421,170617,0
653325,396810,1
509773,148899,8
801172,715857,14
385091,599401,4
292932,558293,4
317675,838127,11
391384,413273,13
216975,296647,5
337811,558454,4
673267,883727,7
641031,593074,12
383032,788008,2
667131,849230,7
284031,566654,4
500801,185558,8
141641,557376,9
878696,530134,10
486422,178919,8
254411,848090,11
155508,372355,5
822623,745025,14
181803,799487,11
516085,195504,8
407814,765816,2
677983,890077,7
545240,221008,8
601619,825604,7
626371,349696,1
668482,358452,1
680828,839011,7
161780,324523,5
658034,897179,7
331440,551885,4
185661,404482,5
377230,790154,2
707100,601463,12
425991,787029,2
606324,544357,12
850911,157772,3
851462,526597,10
860259,545444,10
388873,746909,2
382396,405483,13
295537,91032,0
487472,166999,8
758172,608152,10
591051,389443,1
163477,561507,9
825414,734466,14
606809,572101,12
832589,782799,14
294832,124284,0
373894,555347,4
634967,579020,12
865754,723314,14
302583,571881,4
344239,530765,4
349955,535578,4
162975,335389,5
812942,85345,3
137451,555339,9
546031,570429,12
659734,844127,7
414860,773921,2
602335,433298,1
514551,176526,8
186082,330058,5
801204,755177,14
642881,403147,1
399942,385908,13
210497,359835,5
412028,773494,2
470041,102049,8
505293,194591,8
234219,845270,11
790149,565157,10
241381,844402,11
377858,811790,2
884326,479802,10
415598,786499,2
791983,298565,6
371498,393120,13
508535,830710,2
139847,552015,9
228928,855040,11
620330,398630,1
663049,843538,7
318192,170844,0
801493,322249,6
545957,196749,8
402252,414628,13
856991,546255,10
828478,655405,14
402227,414685,13
386373,606623,4
379388,567285,4
149054,556986,9
838764,652792,14
589658,640498,12
673071,856021,7
444336,820061,2
245023,849247,11
636807,424537,1
657184,855509,7
860384,555572,10
324966,170021,0
247939,831010,11
107965,535173,9
579712,568354,12
290210,818593,11
796786,724615,14
366146,196571,0
659193,384523,1
113068,317574,5
264565,859237,11
302266,185591,0
859707,202806,3
900360,153622,3
185696,338006,5
800316,311699,6
621278,888326,7
832010,554080,10
144856,551807,9
845303,150476,3
524397,239456,8
862642,159379,3
391970,419802,13
812634,554848,10
327022,161396,0
444610,400247,13
856202,158811,3
143363,551365,9
296763,528676,4
871780,158486,3
445674,768552,2
704065,832648,7
179463,361279,5
228032,893055,11
183236,338163,5
321657,538660,4
399460,399410,13
294275,174786,0
685551,798742,7
331366,567311,4
587478,424878,1
424476,781552,2
657879,857942,7
412111,418466,13
136531,557658,9
344380,183817,0
291782,159562,0
585255,415823,1
800272,316170,6
847423,161535,3
134725,537440,9
339993,544064,4
486034,196122,8
224083,852922,11
109317,531425,9
608529,586311,12
319829,168353,0
355499,224982,0
112673,516997,9
687078,791051,7
619475,400592,1
800444,311497,6
822616,735941,14
846324,557586,10
813791,334609,6
371000,555062,4
212009,864463,11
648230,857418,7
170022,347877,5
127373,549518,9
849404,170474,3
330127,570072,4
308748,199866,0
589180,595099,12
603698,573585,12
905849,524809,10
419200,403389,13
367048,553451,4
779956,271501,6
683027,876064,7
580048,565009,12
851644,721350,14
418086,394699,13
830445,186055,3
337002,589527,4
360143,155270,0
802814,320130,6
777978,252419,6
839280,539324,10
164875,349007,5
148080,544056,9
268289,878265,11
603126,497987,12
392162,355397,13
894124,202052,3
830159,134329,3
358312,559466,4
405356,391545,13
152054,345632,5
140128,325904,5
156977,424622,5
613191,571942,12
585048,505097,12
368617,554066,4
486997,164803,8
523779,163905,8
800390,309948,6
324440,567074,4
621537,390372,1
274554,845338,11
133744,308918,5
814379,132655,3
563182,367521,1
242247,864253,11
174371,864697,11
210276,824826,11
407023,787385,2
314552,151035,0
408745,824896,2
961951,577029,10
494317,170837,8
185253,344152,5
410506,395586,13
151164,332239,5
651506,856097,7
874877,535143,10
500225,177559,8
171986,429306,5
615094,383077,1
553118,165472,8
554938,347875,1
808452,320117,6
802089,313456,6
870139,566584,10
886532,500026,10
801588,319814,6
900829,590250,10
678869,902492,7
502002,166223,8
803405,317316,6
405350,762342,2
583653,652182,12
572417,403906,1
830583,710990,14
491614,778997,2
232331,872896,11
335029,553213,4
558817,576255,12
522728,184704,8
855593,161003,3
225786,529417,9
802237,318526,6
334983,572690,4
179793,483378,9
646816,829778,7
757470,224976,6
196462,887983,11
423146,737571,2
631316,837043,7
214966,358837,5
892423,530999,10
408147,436628,13
174656,393278,5
800152,576217,10
213208,833959,11
835804,710711,14
816054,733183,14
865170,173755,3
139434,557410,9
477746,163845,8
673140,864863,7
512733,174091,8
679054,898217,7
571669,873544,7
383052,89061,0
310041,533285,4
605650,447537,1
786245,292352,6
143265,548387,9
664325,877878,7
824322,744720,14
569422,567790,12
245468,859425,11
861364,598127,10
666315,872311,7
401411,414503,13
604678,574577,12
286663,846902,11
645464,660478,12
823202,619103,10
858325,586062,10
862334,747768,14
169228,364545,5
169337,348605,5
912649,498734,10
672212,860894,7
797787,301470,6
851919,127963,3
618449,404599,1
460942,779073,2
778867,140736,3
846371,578530,10
404792,749210,2
881109,152198,3
623989,368662,1
482628,171320,8
293978,197091,0
129664,341196,5
334549,579199,4
334529,166765,0
844948,563321,10
642843,909185,7
804630,332333,6
810543,341180,6
306346,523584,4
344364,213940,0
677769,841641,7
435085,791564,2
247855,794626,11
805035,317469,6
801910,325434,6
440782,782395,2
857846,153281,3
514391,156592,8
883567,161769,3
597802,576113,12
224681,858432,11
617319,374666,1
629978,400626,1
860154,113364,3
175169,349454,5
158773,588778,9
663820,416308,1
142563,560090,9
826192,172906,3
346358,384801,13
818063,797960,14
450030,169537,8
331340,524203,4
417231,381303,13
409167,449719,13
673750,594081,12
558770,390646,1
158550,354818,5
793855,298525,6
793892,313943,6
426172,363147,13
859419,546754,10
637332,414017,1
600039,557139,12
348171,569251,4
730383,879136,7
321645,164662,0
397918,462032,13
673196,812941,7
474648,778810,2
801313,300606,6
803057,331037,6
342099,561508,4
824140,729074,14
706906,885612,7
430779,770145,2
634973,450542,1
648429,422590,1
478442,125560,8
329905,579935,4
701017,931252,7
875160,698897,14
225916,843329,11
169502,411323,5
588597,622592,12
316642,553340,4
533551,582247,12
838442,506780,10
610505,851476,7
251032,876118,11
684602,823981,7
329002,727685,2
863995,150435,3
177579,319865,5
190725,336160,5
379593,380662,13
284378,223470,0
176602,574552,9
826465,646980,14
192564,547558,9
424145,743433,2
169322,577938,9
693265,388552,1
396583,82842,0
384572,388523,13
611579,407670,1
103192,550021,9
98675,580608,9
437958,784801,2
520952,169184,8
895127,152283,3
112379,547679,9
697011,856357,7
662684,813662,7
695010,449565,1
796953,726378,14
281971,825246,11
240028,849354,11
627452,835854,7
236495,861569,11
621622,390298,1
387461,394402,13
156003,502860,9
76052,360840,5
219049,825171,11
416775,806826,2
512716,181316,8
541790,172616,8
513362,223841,8
186914,361706,5
198251,335402,5
805658,698630,14
347079,803582,2
347575,565576,4
143732,279724,5
278326,829095,11
848976,558706,10
829398,724900,14
801511,761094,14
317771,154916,0
543616,144788,8
398795,472619,13
818739,545052,10
245254,907991,11
811748,766105,14
861033,507671,10
365223,422531,13
473202,140745,8
333901,532836,4
849599,157084,3
296627,93375,0
914183,620056,10
645563,819480,7
395168,404189,13
861193,573954,10
860151,543055,10
414014,816460,2
828194,742074,14
415534,110526,0
141993,331189,5
340996,170964,0
606011,569426,12
834173,386159,6
632546,389750,1
373917,427628,13
597077,568196,12
594112,399331,1
862571,550965,10
484395,107291,8
312123,419763,13
887896,558572,10
452791,156805,8
902302,514170,10
311408,168232,0
481841,209337,8
505044,180646,8
603849,572396,12
850925,157811,3
258528,856273,11
583728,563146,12
866851,129505,3
425611,793420,2
207552,772091,11
164915,350360,5
396276,785999,2
262370,891499,11
805237,318655,6
276741,143844,0
798059,316113,6
619924,406713,1
494698,176711,8
801551,320544,6
245928,867228,11
839094,159543,3
830620,117906,3
883981,607581,10
277512,151920,0
363932,228249,0
344482,215846,0
606415,581386,12
417494,392231,13
846841,533595,10
860507,526669,10
186536,330019,5
873791,606643,10
801183,316191,6
168573,350387,5
871544,592403,10
282622,879222,11
532010,176195,8
383075,447616,13
717187,883275,7
597421,554767,12
234091,876039,11
664159,550946,12
241005,825301,11
872241,556733,10
337173,557853,4
788776,582930,10
864059,545894,10
808686,332209,6
142668,544976,9
338634,564414,4
519201,139101,8
189029,366740,5
330533,214555,0
215976,836025,11
429220,787348,2
615325,383841,1
803603,327255,6
496069,102201,8
119386,620549,9
345123,577788,4
140962,518168,9
141238,557986,9
688118,911574,7
79285,554817,9
277860,111893,0
185919,363092,5
862785,579661,10
509383,167302,8
307605,840195,11
595411,413706,1
786528,104976,3
623498,399288,1
870936,575427,10
695260,824882,7
232784,169847,0
668502,563937,12
485361,169229,8
227582,856861,11
338860,561151,4
171471,576787,9
878170,123364,3
393828,404314,13
211266,534538,9
800037,317963,6
607905,403460,1
872247,494281,10
857283,548467,10
824822,367091,6
111476,358647,5
850478,566230,10
817777,724927,14
250359,849451,11
145244,561042,9
601885,573083,12
849858,524682,10
195151,317753,5
794142,306704,6
868128,568529,10
599123,616977,12
668567,856554,7
609796,532982,12
448519,805219,2
258135,880184,11
167653,352074,5
619628,399433,1
540029,563888,12
113099,546732,9
384225,784381,2
609344,448128,1
422943,804253,2
506812,167031,8
230107,858332,11
868317,177001,3
334354,578047,4
817619,181929,3
821151,366545,6
567861,856582,7
142663,556520,9
587453,401098,1
399753,404222,13
333669,542228,4
382124,786262,2
133023,574572,9
165573,305517,5
198517,325721,5
838978,622330,10
482568,159010,8
814540,707227,14
361138,551307,4
657985,453405,1
605310,394011,1
775555,719683,14
155430,549012,9
351883,890475,11
848570,703697,14
393402,401018,13
801782,318281,6
436034,385951,13
679788,889464,7
165382,518876,9
473485,847098,2
136232,576477,9
224694,848663,11
391163,811977,2
99569,523174,9
517750,199025,8
866973,550375,10
595063,328609,1
789552,731946,14
139636,565984,9
842903,567914,10
649987,408293,1
326251,549298,4
601967,604428,12
667249,417107,1
803577,712231,14
292636,520371,4
129550,560106,9
399291,386712,13
550216,184337,8
69169,631490,9
304556,568584,4
484348,202813,8
800479,321640,6
345703,149860,0
427850,762201,2
819250,517655,10
341721,576427,4
615665,405490,1
333299,597586,4
519680,208378,8
386436,791388,2
841654,764836,14
620975,564344,12
880362,706363,14
800447,331643,6
906640,587296,10
610199,394579,1
824560,133679,3
445043,152257,8
830065,739162,14
157138,565993,9
673242,886958,7
546632,599204,12
730887,825972,7
617178,414525,1
710910,464586,1
448336,789445,2
598908,254032,8
559877,401053,1
95074,570002,9
636628,533309,12
425053,790566,2
342066,119083,0
310944,559497,4
294653,104623,0
327403,548875,4
223408,520131,9
224288,931476,11
435926,408504,13
342501,336320,13
801055,321833,6
665426,853940,7
238328,770068,11
607084,595500,12
172662,388185,5
194956,372256,5
95749,602775,9
551798,221411,8
368363,409733,13
133780,533275,9
619339,401624,1
411796,581307,4
801586,318947,6
813239,139752,3
388202,405780,13
601187,531825,12
431117,394746,13
448651,847994,2
129997,568115,9
396081,396707,13
357467,797530,2
156430,615117,9
352424,557574,4
261796,819395,11
897286,558004,10
507959,166780,8
841928,398948,6
561388,355834,1
697161,840318,7
95899,530846,9
119535,551857,9
542311,161882,8
338950,572545,4
624106,398619,1
158713,379013,5
429586,775621,2
887556,531797,10
102221,374657,5
861027,546004,10
335918,566525,4
332032,157725,0
308044,164482,0
415881,584352,4
533775,163036,8
864721,548447,10
158283,570550,9
671444,860206,7
155274,552551,9
401396,125431,0
674492,861230,7
369227,397853,13
854374,550707,10
150404,539885,9
823840,368410,6
853291,557685,10
875825,204959,3
786032,701427,14
608923,385575,1
332960,569308,4
499676,196897,8
875990,133950,3
205919,844377,11
138884,529162,9
266977,887963,11
137316,562151,9
115781,594942,9
338583,563529,4
533212,366954,1
796283,315582,6
343018,239960,0
324055,590810,4
869167,105039,3
811389,723618,14
281979,518199,4
696257,894819,7
784164,285702,6
192885,887667,11
137967,354539,5
417146,822655,2
412797,803180,2
789833,304422,6
253899,862843,11
347966,563506,4
677551,860007,7
107160,530936,9
343145,172236,0
520845,176291,8
624415,515911,12
311065,219934,0
795254,296488,6
166799,318482,5
182840,584262,9
467144,147308,8
426689,788562,2
852730,769968,14
841292,155620,3
566609,537592,12
837880,444574,10
291561,845450,11
470047,410943,13
603285,449307,1
806511,313841,6
171277,361020,5
816393,185056,3
298979,774144,11
827169,708345,14
814045,332998,6
803959,315173,6
468350,395883,13
452398,378671,13
126702,351222,5
410418,409414,13
325861,203058,0
814605,354382,6
577728,587566,12
872516,217570,3
398985,413427,13
567565,573952,12
197362,870337,11
177505,332053,5
239344,814789,11
489378,172861,8
117212,565692,9
520461,173217,8
142000,554964,9
500589,181466,8
800565,319364,6
840406,538772,10
606548,574376,12
546166,423311,1
448865,836781,2
105945,528795,9
916082,517633,10
797804,715342,14
809182,319115,6
510496,174308,8
248779,111087,0
417091,792545,2
424190,780052,2
837307,548214,10
649034,528813,12
718088,852181,7
769656,721159,14
908409,591215,10
794615,305632,6
549384,208450,8
350283,559840,4
387330,409037,13
153738,360530,5
884966,133900,3
392534,593343,4
193502,557364,9
613868,585089,12
228611,836717,11
372883,222824,0
638559,558807,12
207218,589497,9
844066,546029,10
334016,562797,4
795299,312036,6
340032,561740,4
798243,324160,6
436362,379677,13
601369,411415,1
321905,573147,4
601530,577183,12
140706,547367,9
290958,168323,0
888697,143969,3
473727,807244,2
689725,465685,1
285258,848668,11
888919,535805,10
512291,169608,8
159271,568953,9
565483,551512,12
820258,351165,6
383022,409854,13
827672,545966,10
809552,342258,6
296164,96874,0
570384,393553,1
852503,146551,3
618405,842859,7
378648,579579,4
261896,897475,11
416110,374296,13
665845,557965,12
429472,860855,2
879902,518647,10
773023,251826,6
242519,845811,11
407188,396576,13
158201,315944,5
367079,183232,0
408500,393942,13
147663,555514,9
107972,601191,9
166654,350678,5
877906,722361,14
618869,577243,12
327973,534972,4
852687,540692,10
345495,579864,4
804979,334141,6
296775,572432,4
348847,425164,13
846594,522941,10
333934,537464,4
453261,148432,8
357014,148222,0
906772,510158,10
823113,733720,14
376613,159699,0
216543,842952,11
553038,606418,12
325360,134919,0
820350,748217,14
417281,410881,13
246470,842932,11
827192,785316,14
413946,786971,2
366478,594677,4
176490,344679,5
825429,732758,14
616737,397973,1
867801,548156,10
898916,630099,10
588100,557588,12
146924,565933,9
134695,350397,5
881217,172320,3
770113,241615,6
860387,157731,3
674496,870664,7
261538,525920,4
515856,148316,8
412677,786951,2
615175,397627,1
811913,325091,6
286769,862152,11
800461,326821,6
804871,317801,6
843572,784897,14
672797,843231,7
804429,312164,6
578509,923881,7
527753,213985,8
411606,137378,0
260943,889692,11
562772,382904,1
318823,565345,4
244027,850132,11
912023,160368,3
316395,537403,4
281548,175184,0
722404,952207,7
834165,140684,3
166597,572855,9
707894,904500,7
296892,901182,11
335525,567445,4
544539,180391,8
352520,566829,4
593689,316888,1
340191,567638,4
674521,861127,7
823455,747394,14
174064,357989,5
593398,559764,12
854909,149938,3
458538,786673,2
853439,518568,10
602167,543919,12
533889,333741,1
410682,349328,13
601390,453925,1
637665,858741,7
800483,320713,6
155505,355581,5
604067,574091,12
374797,407601,13
904450,533427,10
300672,175844,0
345042,566973,4
802537,312497,6
809779,663654,14
849327,548496,10
657450,365008,1
131109,568012,9
839493,521150,10
416763,96639,0
389713,772742,2
861412,205239,3
568546,564911,12
353333,113156,0
666135,430421,1
179830,547383,9
846284,113820,3
319838,170383,0
595193,576508,12
612485,518009,12
491609,180519,8
348177,179526,0
324488,180658,0
891515,520429,10
622407,583192,12
783666,262902,6
490956,124550,8
115287,602637,9
674931,870112,7
852267,498220,10
178235,346006,5
371563,547746,4
618446,372298,1
211360,279794,5
238492,833394,11
415417,785827,2
412861,434751,13
857319,543529,10
803874,675499,14
810657,329468,6
508989,168995,8
570266,188032,8
593879,444161,1
392424,375266,13
864265,549505,10
152584,564548,9
868375,161990,3
179834,541387,9
139911,561185,9
179326,321160,5
359520,132845,0
823589,728083,14
487952,168607,8
629718,558104,12
499262,398424,13
879722,550246,10
883375,158482,3
801751,318110,6
308616,811021,11
211165,825505,11
395274,786698,2
370602,353215,13
267521,119941,0
797918,694723,14
885793,172115,3
834036,144156,3
499637,194036,8
876151,582116,10
850674,533083,10
788005,292268,6
143117,345163,5
400902,772920,2
520819,181586,8
681608,436537,1
885828,586348,10
873136,513309,10
835648,756631,14
381617,157000,0
647103,573853,12
408224,399767,13
505584,176135,8
597551,556737,12
660327,585901,12
415564,784464,2
782368,759352,14
838036,542999,10
332884,533990,4
514934,219169,8
287966,150135,0
889743,560547,10
443618,157237,8
147885,527813,9
610722,418243,1
656658,854609,7
344096,575522,4
873532,712802,14
801102,759330,14
137516,556818,9
258201,153095,0
829133,735488,14
302582,134124,0
319927,524637,4
198823,538624,9
812231,739235,14
198294,552987,9
797111,302781,6
626334,852383,7
525670,184762,8
903840,586229,10
633601,861482,7
606933,576409,12
854338,135067,3
869087,153957,3
605850,533310,12
836739,162321,3
353951,133923,0
650661,861267,7
213775,841758,11
417169,792321,2
192460,388323,5
391976,789416,2
135537,356169,5
629998,877765,7
349378,805118,2
353991,193997,0
247210,859012,11
858278,544519,10
638783,399478,1
667713,847241,7
166449,363036,5
188992,563992,9
464634,173867,8
251070,877802,11
168284,309036,5
387165,404027,13
219686,859997,11
819628,810748,14
183610,321788,5
234837,151054,0
155899,561715,9
399717,403257,13
344915,702496,2
213064,290947,5
528826,154067,8
662177,420431,1
662293,872590,7
173188,355248,5
172842,351663,5
847904,574114,10
425386,379634,13
140612,350010,5
428513,456990,13
669409,415893,1
871689,155981,3
216209,437830,5
856753,145184,3
227138,824372,11
168886,353913,5
600202,622079,12
406233,813072,2
662249,918050,7
666636,858686,7
718257,857481,7
163925,576666,9
823676,152154,3
407289,798870,2
843344,604964,10
613351,407952,1
577167,617095,12
422917,781112,2
182435,365508,5
660333,393215,1
693362,837786,7
356865,545785,4
672818,881943,7
308763,166511,0
244260,847060,11
593840,578685,12
582176,630383,12
224789,866804,11
808405,318841,6
873474,159567,3
838367,536676,10
142899,329415,5
514876,182995,8
339640,561426,4
573969,434110,1
790612,738038,14
367641,556309,4
240171,843940,11
818542,740451,14
799021,326404,6
130440,562623,9
766617,548142,10
866928,716961,14
613682,399434,1
885963,528959,10
593887,210595,8
374117,546122,4
245258,799882,11
826499,142732,3
683585,905984,7
820904,351763,6
700962,927047,7
442979,803024,2
368166,429422,13
849777,531138,10
777811,751059,14
408283,806161,2
807913,737341,14
386068,422517,13
420792,430901,13
864053,139325,3
164354,347671,5
486326,174643,8
852037,649724,14
211265,396792,5
336787,538925,4
257134,845851,11
850451,764015,14
173908,362098,5
900991,497149,10
394436,450912,13
654147,407182,1
875410,128878,3
155479,345893,5
248210,886338,11
874125,543036,10
787336,144875,3
828531,731300,14
507473,227670,8
863042,557890,10
418636,440000,13
343997,585193,4
206519,355629,5
338570,192256,0
796916,323332,6
308066,145825,0
497454,172375,8
606506,766728,7
597418,538362,12
858516,151301,3
840994,578455,10
405542,600089,4
154964,554923,9
806982,316680,6
689363,817577,7
315830,102777,0
492551,434649,13
695646,652231,12
892382,513991,10
416444,783624,2
335235,180161,0
876503,659112,14
248931,844960,11
535564,177248,8
870599,149782,3
856454,117143,3
170271,306395,5
373684,418326,13
853279,560714,10
283784,178305,0
396517,394572,13
831165,783383,14
612648,772280,7
817252,730254,14
753254,840123,7
521152,152439,8
248683,383412,5
222445,891438,11
264293,890923,11
837676,148639,3
644301,925034,7
800304,163436,3
820707,705318,14
179931,536588,9
890613,567037,10
823250,732088,14
336336,563145,4
134261,519275,9
617910,592293,12
165886,348709,5
629377,853726,7
241473,860854,11
606300,566708,12
805089,762512,14
814105,723255,14
788351,737539,14
803701,321815,6
852918,552112,10
238260,882489,11
851166,532382,10
843813,182032,3
321519,561045,4
401240,354085,13
517580,170329,8
622212,860015,7
337343,156614,0
832886,781206,14
854037,528890,10
806626,318966,6
187324,377187,5
787644,297715,6
402031,426039,13
183583,787453,11
382419,110392,0
156474,570384,9
624452,584622,12
502302,210265,8
604352,573425,12
324337,162686,0
335328,562880,4
497582,190801,8
479631,178459,8
447833,819282,2
581240,362971,1
241849,815141,11
401708,409924,13
840943,739611,14
688015,533535,12
682315,843851,7
144705,375936,5
397561,815245,2
325344,159885,0
154412,310120,5
658103,572250,12
376176,795539,2
683156,877209,7
605284,556134,12
383894,179880,0
246453,883061,11
866760,753547,14
350056,566657,4
418140,415328,13
80673,566893,9
270899,175377,0
780927,285057,6
858172,137586,3
680579,836946,7
804251,329956,6
799724,318884,6
317136,563479,4
560237,500154,12
375619,553791,4
129453,321221,5
253129,154296,0
477323,384551,13
855993,225023,3
405325,407466,13
229970,878786,11
797834,297329,6
616926,398697,1
640210,902029,7
155943,576199,9
347492,153416,0
245678,821691,11
347522,587567,4
658199,568743,12
297022,574097,4
607463,477085,1
166973,334724,5
668228,858122,7
856349,158150,3
249370,872804,11
142252,329183,5
669690,842110,7
848137,87922,3
808062,337340,6
813319,737376,14
336991,217448,0
246047,846189,11
625919,402984,1
330455,568758,4
155625,262321,5
806087,326636,6
279251,184486,0
664025,801796,7
138965,558201,9
848264,762550,14
869991,705259,14
297177,88467,0
146070,316860,5
229131,842806,11
183026,545377,9
883537,210648,3
148915,338914,5
492415,829655,2
512241,169240,8
622550,391601,1
339288,588052,4
439793,740773,2
625709,660145,12
673028,860593,7
694897,834591,7
164046,346109,5
672800,874378,7
786935,732999,14
326627,534442,4
578878,420108,1
572244,349463,1
257984,555707,4
256216,903741,11
605535,925341,7
674121,858589,7
849501,552769,10
623502,420376,1
786719,283364,6
626843,367696,1
655859,416496,1
728743,850843,7
324516,522674,4
795200,786424,14
463768,793154,2
709303,897538,7
674472,860330,7
674236,877152,7
201567,881003,11
818251,731938,14
94249,600812,9
398629,401626,13
94061,576129,9
683321,873932,7
577773,434308,1
802655,316263,6
604415,571400,12
576263,547239,12
137740,618961,9
141860,324304,5
649412,856993,7
632952,385722,1
687717,379483,1
157691,334886,5
845802,172285,3
837545,696979,14
626586,415166,1
504755,150226,8
809781,326904,6
410610,765111,2
855177,626376,10
176092,531921,9
275524,559548,4
395450,407822,13
764997,249477,6
520759,184923,8
807446,342555,6
434080,785264,2
778414,260729,6
139601,914203,11
833499,504718,10
368060,76739,0
621989,394856,1
840270,725456,14
622636,456843,1
661430,603567,12
225567,853078,11
773955,239849,6
327738,559624,4
367864,442851,13
851840,110475,3
799794,315080,6
855233,141357,3
199043,270173,5
469470,189347,8
347638,429109,13
335970,846828,11
178515,370287,5
746769,205186,3
138734,557713,9
551867,170425,8
341329,565571,4
630205,338054,1
509951,176794,8
893106,176595,3
139033,593287,9
835128,212354,3
603445,630598,12
327204,152871,0
649088,575733,12
383992,398245,13
351564,573155,4
802853,314938,6
170688,343596,5
632390,363198,1
875625,599766,10
242415,844335,11
442915,420573,13
265246,889333,11
506815,173387,8
860721,547751,10
311093,169734,0
672544,859978,7
612392,916853,7
257841,193878,0
879031,489881,10
636291,360636,1
300726,862728,11
620187,400168,1
617428,397343,1
615239,317684,1
224225,376975,5
356246,549756,4
680261,863401,7
649968,371445,1
832490,450680,10
776000,780347,14
176506,351827,5
506361,225237,8
515230,149567,8
387756,435588,13
417515,787648,2
811061,333595,6
866560,165110,3
68388,574380,9
270729,67329,0
883062,547498,10
422198,724557,2
869369,536868,10
402069,434868,13
403522,785432,2
506142,170513,8
913298,162009,3
630904,404643,1
844627,556401,10
289531,145743,0
341675,560197,4
910683,612854,10
116492,509399,9
141861,328909,5
495032,203929,8
559076,190770,8
804013,316083,6
399077,403968,13
797242,324588,6
256082,831969,11
315850,573154,4
399587,792459,2
358384,556361,4
832238,725434,14
348815,150017,0
687325,883004,7
864185,161232,3
541220,177840,8
300021,159185,0
261622,869706,11
391439,399819,13
854654,549222,10
798981,311092,6
141699,530028,9
418149,790096,2
407694,718592,2
838328,185708,3
519003,160741,8
377720,727349,2
869471,745767,14
335003,151395,0
675013,876331,7
659046,930099,7
76661,531044,9
613545,574733,12
850904,720163,14
650720,817440,7
431437,436764,13
342064,570045,4
800845,311838,6
800959,322309,6
445199,763833,2
236987,881080,11
860606,152843,3
221126,837878,11
804038,306622,6
321050,422497,13
353939,570931,4
339732,163158,0
826192,577784,10
311433,134432,0
856167,542249,10
872033,558924,10
350480,214608,0
616561,619007,12
496658,816784,2
670519,870010,7
168805,351913,5
241972,840749,11
350798,535657,4
806888,492319,10
502500,176532,8
923120,170161,3
682100,853708,7
859213,538040,10
829216,121494,3
680357,620811,12
809594,344872,6
369249,797068,2
873984,580836,10
396621,381952,13
858042,178196,3
843432,490725,10
510739,121103,8
304157,566007,4
852410,187705,3
818756,743887,14
668879,388617,1
821906,732848,14
613536,395801,1
636871,929410,7
626539,394908,1
509279,180548,8
611954,360938,1
603055,589818,12
389520,406500,13
88703,577217,9
412388,784064,2
165945,345849,5
288068,561932,4
825997,730652,14
285865,167818,0
810903,332925,6
457554,795861,2
371616,570648,4
359740,379592,13
398724,404179,13
830226,483466,10
932662,537069,10
412453,784453,2
878184,487392,10
414448,429790,13
398980,407667,13
341925,569393,4
181463,326571,5
174878,362329,5
209553,326461,5
605107,563429,12
594010,570095,12
665308,868551,7
860863,546060,10
165653,317602,5
282603,846165,11
795322,311178,6
602873,527864,12
803774,334756,6
800582,316980,6
201324,574588,9
676480,860779,7
274505,864723,11
304283,183656,0
616054,371666,1
377042,182019,0
518068,137556,8
402677,412615,13
418623,404382,13
392447,408539,13
191099,341570,5
802004,317772,6
397618,404912,13
448649,813885,2
844234,153197,3
669430,905798,7
238308,790723,11
596481,567449,12
794640,313497,6
608687,374928,1
828589,652430,14
575116,345564,1
514739,189624,8
165104,543395,9
395246,392783,13
497815,165151,8
474135,199330,8
363956,609339,4
604737,574591,12
849126,121710,3
220869,407358,5
413549,408517,13
859298,139834,3
840886,397888,6
844617,499013,10
211584,591058,9
297212,546223,4
834483,173379,3
449683,388863,13
571570,375257,1
824475,518063,10
467697,168082,8
696808,866039,7
289176,571435,4
861563,661642,14
842907,133992,3
86243,559135,9
394761,461494,13
800235,316652,6
567428,580005,12
641070,424917,1
174438,319075,5
851010,157593,3
609532,388425,1
860845,155375,3
245532,846331,11
416019,787562,2
798472,322218,6
629369,398359,1
857818,534525,10
122755,434879,5
829790,205695,3
821428,153468,3
282957,179982,0
309399,838744,11
165881,364469,5
481133,781413,2
803470,319069,6
173978,346514,5
854412,725575,14
315488,160339,0
668367,855686,7
682510,905902,7
674463,862486,7
572029,518313,12
331616,565089,4
241475,850889,11
371548,414612,13
365147,790525,2
407626,771304,2
836081,178429,3
621241,368090,1
325279,168587,0
927170,250593,3
484407,809641,2
460371,780609,2
271424,251323,0
843891,721571,14
411171,426853,13
576235,462612,1
209264,836661,11
739318,810528,7
841130,529745,10
751215,828365,7
175766,380534,5
576158,210283,8
282430,560217,4
819768,346596,6
139641,557503,9
260096,530550,4
860927,110775,3
801482,327644,6
389510,370897,13
819439,735945,14
261819,863523,11
617689,397001,1
861519,531277,10
869818,543227,10
256487,868899,11
682481,879399,7
676962,897430,7
800133,327081,6
390538,157197,0
816091,747764,14
220156,589643,9
394708,739061,2
578804,573582,12
246729,879602,11
176144,353300,5
798308,312788,6
198493,326704,5
865030,541150,10
755829,751858,14
852104,134678,3
370955,325071,13
588964,597435,12
810775,160434,3
244257,776516,11
620240,397022,1
471328,176297,8
890223,556874,10
402666,814060,2
839012,550376,10
363959,810632,2
801667,318542,6
835030,668528,14
708244,871834,7
610263,574422,12
864211,216526,3
854095,158510,3
824624,381716,6
678195,860537,7
864667,143614,3
252199,828023,11
125756,579609,9
790712,745884,14
517882,175467,8
671235,856653,7
387951,813315,2
589900,217899,8
769386,259892,6
822533,758955,14
344237,573700,4
427371,819417,2
693997,774817,7
277027,536847,4
375971,427549,13
804408,337683,6
162921,317643,5
292872,896822,11
218369,851387,11
432052,613723,4
407504,803363,2
787988,741203,14
514722,190943,8
130657,555545,9
804702,315881,6
153583,352282,5
392795,817694,2
383878,376230,13
384591,137729,0
619332,401992,1
700747,821557,7
397399,403186,13
679818,860064,7
683252,858182,7
418996,389541,13
864040,538985,10
342963,582232,4
219316,898830,11
687043,806921,7
306421,145493,0
850200,164752,3
797594,302109,6
645171,595209,12
432656,783776,2
857328,143692,3
228715,837572,11
244799,841688,11
850376,739749,14
229567,855332,11
591955,378142,1
137680,555667,9
344791,578536,4
826048,374236,6
275288,212315,0
271395,862063,11
688098,908495,7
250003,859517,11
177241,292639,5
149758,564768,9
690195,475150,1
403004,613466,4
169876,340860,5
237757,834092,11
674134,908464,7
838515,768484,14
556780,409205,1
202627,179376,0
226433,837646,11
674659,860894,7
315146,160782,0
311163,166821,0
638823,411764,1
400055,131725,0
817862,732248,14
183516,374212,5
846257,145306,3
351352,362910,13
188424,849785,11
837718,761480,14
805884,549492,10
513010,141058,8
366654,802105,2
803796,314893,6
159428,300364,5
587466,564953,12
489504,146224,8
226949,889283,11
578496,631434,12
847812,114745,3
343717,559909,4
789095,895634,7
783491,288029,6
592620,446156,1
158571,361986,5
607214,575069,12
345692,788190,2
169628,365003,5
647968,877873,7
844662,654835,14
870214,556246,10
807401,314610,6
393424,399084,13
202175,495076,9
562704,570596,12
315670,160928,0
422776,808328,2
169994,409806,5
653592,959882,7
170816,547069,9
906396,535803,10
451753,383440,13
283474,532727,4
332246,172932,0
512560,224816,8
817441,709397,14
843715,568319,10
145251,553486,9
631365,450732,1
665697,929571,7
806848,320541,6
137657,611252,9
613719,382828,1
230149,886583,11
538994,179328,8
510414,142485,8
297183,841456,11
138349,554238,9
639997,865965,7
399188,402459,13
866051,172932,3
158366,537970,9
823065,733789,14
573925,449341,1
206219,604081,9
298214,820903,11
340048,131847,0
459556,818479,2
876935,684572,14
507786,199578,8
864991,159874,3
424089,352640,13
400380,588221,4
674961,865594,7
174373,363552,5
797178,310439,6
800041,318331,6
341775,425156,13
823974,725025,14
684568,380640,1
416893,347737,13
602013,574722,12
321775,164846,0
586097,567445,12
611581,572630,12
685821,816579,7
240221,843932,11
691600,397893,1
825404,733788,14
461701,188438,8
798056,714380,14
142265,546135,9
860473,545982,10
657811,885904,7
879309,561548,10
729194,856897,7
170425,316185,5
797162,306135,6
434717,808225,2
630706,388370,1
385804,393101,13
363075,162238,0
146681,562995,9
508551,174306,8
235084,818866,11
376557,109320,0
555904,640401,12
160369,353500,5
575022,213534,8
451670,388347,13
650157,402991,1
412227,787450,2
151374,538387,9
818932,728481,14
172756,612694,9
336549,565597,4
870801,476330,10
412615,403902,13
817640,730018,14
299821,866288,11
424840,479570,13
156041,295117,5
208494,850615,11
811745,461099,10
613871,550423,12
216846,737568,11
674433,860605,7
415136,446807,13
244966,841126,11
664639,925795,7
528766,239937,8
405470,392374,13
310529,141617,0
749723,781756,14
803540,754792,14
393659,439272,13
814553,164190,3
646422,900526,7
898736,548642,10
116142,550919,9
416926,785113,2
257926,936947,11
205466,778884,11
269354,811847,11
206660,575002,9
537211,376777,1
791355,529644,10
206687,342276,5
839974,154358,3
321910,573825,4
331862,169092,0
131532,536658,9
829673,730398,14
307913,91419,0
350428,392503,13
174410,372064,5
712262,856869,7
618600,551446,12
651576,865180,7
618391,348381,1
866139,717138,14
321517,569562,4
872285,750708,14
94571,528963,9
339482,151261,0
392919,405103,13
856437,532452,10
207804,354938,5
486891,175164,8
627727,578737,12
683098,847245,7
341559,562163,4
599870,591110,12
331212,162496,0
636500,587401,12
628080,562986,12
623004,508050,12
485968,123023,8
429515,393708,13
593061,579188,12
335792,541310,4
618869,398187,1
166290,521714,9
862117,600081,10
74519,527539,9
804354,309671,6
413241,771595,2
229280,813483,11
138012,558263,9
235041,823732,11
850790,525740,10
814108,344096,6
266980,825990,11
229857,843917,11
327927,168535,0
187858,381077,5
613921,394043,1
808777,512952,10
256073,917590,11
396540,815936,2
279008,521035,4
862062,545736,10
870337,534303,10
821895,732158,14
324442,567881,4
856924,169071,3
545699,174099,8
650054,432740,1
307300,836132,11
312275,145173,0
505117,141877,8
321822,187102,0
224676,859348,11
604294,574368,12
848974,199427,3
411008,607342,4
849751,167033,3
258416,835432,11
526802,551524,12
786495,759000,14
680646,375662,1
829623,732301,14
661166,404325,1
93136,613387,9
355168,114823,0
392258,405478,13
187314,815820,11
828005,145089,3
299772,828655,11
172882,571145,9
321778,158339,0
407576,434017,13
620610,395343,1
170616,352610,5
139451,549580,9
418410,795929,2
245740,814541,11
347050,150472,0
895723,126593,3
55359,623076,9
198583,860431,11
251958,886571,11
576987,392508,1
294492,832336,11
843833,170416,3
375997,806621,2
354767,417464,13
488800,197919,8
608768,610525,12
194258,914691,11
856552,545271,10
817135,349925,6
598759,582942,12
782506,279930,6
881106,105566,3
414249,796590,2
875248,462524,10
822103,732911,14
101553,517715,9
676767,832479,7
402367,782997,2
336845,172750,0
848628,503773,10
340064,550509,4
249209,801933,11
806827,324616,6
611547,411952,1
842576,153072,3
879500,590791,10
148385,538149,9
675902,853961,7
658219,436184,1
541455,223176,8
223226,546198,9
416884,786845,2
406184,394506,13
847292,559228,10
617330,369828,1
144620,575370,9
186503,369651,5
405652,622938,4
616060,590779,12
166560,559687,9
244246,847589,11
820083,728310,14
416750,435776,13
485110,150541,8
715956,900724,7
895680,609341,10
160165,362858,5
603193,371867,1
320000,162605,0
392728,411341,13
440667,768761,2
850046,108829,3
796952,318633,6
662154,385013,1
441950,785934,2
324032,577807,4
410917,614521,4
280519,165350,0
798007,723995,14
376145,414107,13
344710,213543,0
801166,322298,6
859492,572224,10
465734,114090,8
837457,518745,10
265430,151883,0
224852,934148,11
642157,345545,1
803369,698753,14
886773,509047,10
238714,858826,11
392428,402295,13
736557,897961,7
803277,319525,6
393825,453067,13
801780,318992,6
481067,172555,8
862534,547936,10
521006,163218,8
545455,182232,8
783116,265635,6
348191,165419,0
615032,402225,1
188480,870646,11
606929,571420,12
630491,379017,1
363208,238649,0
673826,880137,7
355924,577596,4
382222,441817,13
779936,774397,14
468907,448885,13
515450,173220,8
841096,188742,3
882097,161493,3
657120,386782,1
803839,310353,6
677362,853471,7
891699,170415,3
660103,414557,1
390182,360941,13
318065,581616,4
680969,838864,7
423371,373970,13
420489,448078,13
277055,860813,11
328851,147002,0
498730,183037,8
605073,372055,1
639613,388524,1
607440,403119,1
670957,810768,7
660459,860658,7
340966,420480,13
341578,558672,4
333805,148479,0
419520,778231,2
322841,169735,0
337910,562252,4
480876,160465,8
224241,828996,11
608557,590278,12
819843,570485,10
840335,164912,3
244899,812192,11
888714,205560,3
467107,817914,2
360945,167952,0
619295,397643,1
339137,160334,0
369366,561201,4
315013,318367,13
568824,570203,12
397735,448097,13
814561,575281,10
809550,327365,6
419118,421655,13
333682,401078,13
338753,563384,4
127964,538935,9
319283,158983,0
415521,368125,13
328775,156501,0
691716,873426,7
838821,563842,10
412500,594675,4
808153,737136,14
790932,305223,6
664903,839150,7
250921,819639,11
197735,355477,5
610980,522819,12
873672,734440,14
312227,159417,0
396556,406492,13
420319,794333,2
905005,164126,3
802041,319504,6
337889,558031,4
308555,134011,0
491145,206344,8
819058,729125,14
249253,856047,11
683697,581516,12
283571,109326,0
859679,541785,10
638078,629421,12
472917,830363,2
502915,183059,8
679799,858680,7
469139,810971,2
244049,817710,11
347933,797148,2
824765,761114,14
847097,176660,3
794265,594573,10
278116,185472,0
793791,581315,10
803464,329093,6
566524,179796,8
679237,862389,7
679242,853941,7
101427,615890,9
407334,445969,13
839088,528460,10
803375,311620,6
401162,412142,13
782642,275308,6
385183,556284,4
624343,403629,1
799275,324108,6
852423,159874,3
802184,751958,14
871597,185239,3
797205,313318,6
579773,568698,12
327608,177638,0
305333,171939,0
838609,140215,3
680757,826912,7
617118,374098,1
310386,171068,0
170102,323164,5
850153,155701,3
385257,791581,2
647354,579190,12
648443,845340,7
421352,799127,2
511289,183247,8
874672,104851,3
285152,520229,4
167262,399527,5
627206,402647,1
605927,572533,12
358483,554925,4
409616,575024,4
170788,373545,5
577473,384210,1
256512,837094,11
784838,771499,14
234604,822462,11
111855,531542,9
213558,873714,11
793875,473793,10
152957,321354,5
398255,405428,13
105568,584102,9
469422,822619,2
480787,147737,8
167330,332452,5
146072,288800,5
130805,354417,5
835581,147664,3
669748,863109,7
497255,188783,8
246753,175170,0
662830,420955,1
807421,317527,6
179609,408365,5
803332,315488,6
222682,806314,11
841353,125628,3
690968,555952,12
784151,283760,6
518892,165875,8
716139,621721,12
330750,561657,4
804925,735492,14
401730,354294,13
514428,222503,8
529409,157228,8
821079,800206,14
58190,608304,9
468229,827985,2
402566,415798,13
618676,377015,1
405902,394724,13
818014,140185,3
484678,123623,8
357679,548036,4
686324,364237,1
851866,156896,3
282066,560178,4
311328,159477,0
206561,574789,9
419227,779215,2
507862,172954,8
159392,351000,5
833661,389733,6
437116,148591,8
151701,574146,9
538571,654649,12
757421,774445,14
802674,727804,14
472054,129986,8
611315,560757,12
380281,205779,0
817807,715863,14
207217,878249,11
848108,161786,3
267662,127175,0
829240,591428,10
293350,175997,0
309501,166931,0
363304,553764,4
664156,846474,7
261120,804153,11
840020,568424,10
268926,813783,11
610666,551701,12
610676,449688,1
795836,291870,6
414562,787355,2
608298,573748,12
603472,894573,7
887780,536497,10
821909,728448,14
610026,444858,1
483807,198925,8
98533,355691,5
659529,498474,12
436641,55171,8
333937,51121,0
314519,146787,0
825070,734215,14
848290,143184,3
823913,369439,6
642607,374702,1
759789,229116,6
529858,213114,8
878519,606677,10
493714,173387,8
159496,331641,5
414036,742189,2
411674,402377,13
608711,373665,1
328423,161604,0
394599,409068,13
397331,407010,13
595580,798572,7
797415,319840,6
551291,576721,12
420616,401526,13
627968,574625,12
815455,755486,14
497254,171940,8
321182,150806,0
634800,823669,7
797272,324228,6
534702,244239,8
776131,248465,6
549147,171454,8
659297,373975,1
817018,729596,14
810817,509540,10
189752,865463,11
802482,335269,6
588432,446279,1
396118,794614,2
873690,156226,3
617717,613939,12
317217,163896,0
284077,905181,11
316263,163806,0
508805,429073,13
120357,560737,9
829747,530312,10
474516,189144,8
232246,844226,11
119237,591137,9
856029,730586,14
158596,562634,9
164847,287064,5
837312,572687,10
683610,910782,7
802784,313853,6
188985,367645,5
665048,854911,7
824674,806300,14
117585,391892,5
813124,157130,3
434581,123267,8
420509,788730,2
244743,830888,11
841843,503359,10
573755,218049,8
404273,429948,13
366934,581294,4
528094,178343,8
316313,570785,4
269723,849664,11
359352,162962,0
558307,203307,8
591851,569051,12
154162,536416,9
511368,173673,8
791470,751113,14
168036,807011,11
721905,378957,6
407833,402474,13
524502,248106,8
115905,560139,9
684537,843821,7
509928,184873,8
625728,579460,12
159654,381778,5
435067,403802,13
399693,395271,13
601339,571609,12
418621,840463,2
258975,837353,11
414377,771258,2
792179,148539,3
520763,250478,8
235671,300234,5
410969,770451,2
253655,821946,11
339981,565418,4
628715,434772,1
252845,181181,0
332201,181702,0
159683,838958,11
810502,336169,6
610330,552628,12
846512,683647,14
688487,383589,1
789388,712210,14
854342,541611,10
708262,945359,7
829529,375007,6
392576,406460,13
130883,557824,9
416855,794023,2
824594,741664,14
267049,950249,11
562920,559223,12
620330,396776,1
441415,780207,2
295311,115000,0
409814,836083,2
923996,594948,10
174672,345849,5
422961,821595,2
414317,828815,2
338084,560295,4
825395,715780,14
318266,171979,0
550086,442382,1
402071,427626,13
313609,860065,11
145867,363616,5
398617,402424,13
850577,157049,3
180633,570302,9
162600,392531,5
284757,175853,0
153185,562792,9
329029,204399,0
858819,544904,10
808097,502521,10
858057,542933,10
617573,386848,1
528679,199079,8
339967,562602,4
624293,333944,1
863391,126214,3
857833,170565,3
302353,545544,4
237750,837381,11
153326,558408,9
813092,739043,14
261093,844962,11
806176,320301,6
397669,792218,2
579564,428498,1
341966,586266,4
822664,720677,14
695514,321521,6
182050,424341,5
127503,623654,9
387039,365758,13
801177,737548,14
398246,406245,13
166840,562425,9
535453,200970,8
294326,807584,11
135849,550612,9
244344,185382,0
420476,750495,2
794260,129843,3
555429,604551,12
850787,125678,3
838239,576018,10
321522,163852,0
618113,400002,1
165284,425978,5
365927,571713,4
832086,716249,14
653177,819935,7
783999,732487,14
274685,883097,11
676360,866112,7
357737,597104,4
671325,856592,7
675866,868784,7
801309,318213,6
188909,341194,5
663578,586265,12
857231,551055,10
198892,322470,5
723397,859761,7
448231,384406,13
407460,791404,2
584077,398498,1
146120,576624,9
399858,403574,13
823740,169808,3
837977,728814,14
286990,529505,4
617399,392653,1
801810,728106,14
658748,777680,7
606558,458285,1
291973,127483,0
671772,860357,7
836951,546244,10
400538,407020,13
330482,571217,4
274321,219665,0
864374,150149,3
860951,162251,3
507092,175151,8
247892,115217,0
344437,529492,4
663168,859429,7
354601,358760,13
816615,770855,14
380236,460907,13
883864,111281,3
610698,396326,1
144242,557674,9
400257,404936,13
165689,356983,5
280110,522025,4
861994,160156,3
599808,596484,12
371052,147369,0
871255,140340,3
604157,574191,12
256949,820470,11
349296,557688,4
634004,895206,7
655237,871554,7
401330,395538,13
505603,147517,8
850663,157840,3
811971,664520,14
392046,391220,13
676694,851597,7
750459,800215,14
848151,741869,14
233284,860085,11
314479,178821,0
219321,848396,11
333789,151168,0
356739,417826,13
596891,579476,12
167845,341409,5
265125,820661,11
264175,824349,11
584895,574666,12
813645,328765,6
275459,190178,0
519396,177174,8
220931,876605,11
414997,432597,13
549945,372313,1
417023,771194,2
307107,174760,0
672628,882986,7
395641,808571,2
427749,457110,13
400660,404811,13
805390,319676,6
533577,355107,1
884613,507507,10
361814,411086,13
323747,163351,0
76253,529394,9
805391,732659,14
157181,346842,5
840357,169437,3
139146,569516,9
127134,379827,5
462658,75167,8
915504,527751,10
801539,318482,6
185935,554627,9
913686,576892,10
480571,204150,8
838129,404012,6
134449,557556,9
93459,514032,9
857363,154639,3
181561,358111,5
164453,544085,9
658734,883214,7
221122,832810,11
866987,154415,3
815652,733433,14
835702,176502,3
516888,152451,8
202913,525966,9
337298,565486,4
829229,143653,3
389279,424006,13
173847,514665,9
820947,730529,14
547270,403384,1
888504,147016,3
270201,236813,0
803780,334441,6
263626,851699,11
422736,790806,2
668772,858570,7
109090,326101,5
645677,814395,7
239505,885057,11
866352,535933,10
671269,590258,12
172020,342883,5
273165,852766,11
178264,330827,5
345234,188822,0
321344,166633,0
777697,798253,14
834996,728517,14
840863,737972,14
878157,210496,3
870826,524625,10
860230,528054,10
442286,755194,2
430001,765803,2
522993,595581,12
893991,544467,10
589112,536573,12
538228,168834,8
411721,717873,2
376444,371957,13
327569,158418,0
889260,541423,10
486224,196184,8
605911,379990,1
575440,568511,12
201080,823689,11
177858,352255,5
525967,565687,12
598671,854219,7
353979,578923,4
414512,793966,2
665828,868934,7
819737,737829,14
846646,548548,10
378824,430343,13
434815,388041,13
358830,431609,13
194033,340466,5
849547,738979,14
806131,312752,6
179811,342089,5
504096,192493,8
385561,718324,2
260930,184935,0
506612,858859,2
308966,523409,4
165356,570715,9
399997,411205,13
868493,677155,14
836874,555991,10
584938,344365,1
801232,307078,6
504373,165819,8
290107,571927,4
528011,201615,8
833504,744564,14
802646,317894,6
417197,778243,2
823584,568458,10
428667,451233,13
842281,175525,3
332913,385678,13
666516,859837,7
604438,574666,12
496006,191010,8
460628,434107,13
627679,395601,1
682304,876841,7
846731,162515,3
291228,101272,0
804936,148980,3
582057,543124,12
130249,579307,9
829969,699565,14
161475,587507,9
808710,330379,6
693699,822637,7
333942,143344,0
511030,221292,8
243951,865415,11
516128,178722,8
350117,535859,4
156984,430950,5
179472,342273,5
321620,169950,0
149092,352682,5
844734,164570,3
404782,557913,4
377588,402670,13
669366,869654,7
614497,830844,7
831779,577161,10
159120,340829,5
324121,96346,0
395210,357805,13
146678,558942,9
804332,319006,6
888111,525539,10
342400,426090,13
597620,586226,12
800655,320227,6
618406,404239,1
600007,377908,1
359036,365793,13
142886,556511,9
184412,537050,9
257093,801567,11
283786,133973,0
798523,324500,6
222727,770963,11
559933,403956,1
840375,155757,3
863706,491401,10
347630,120931,0
867993,162841,3
326040,156509,0
809917,762429,14
143912,595772,9
125548,552424,9
853348,525893,10
348773,583528,4
609219,362804,1
832758,707452,14
598634,619900,12
840100,728839,14
105444,361358,5
270742,847836,11
354746,552404,4
108651,521409,9
248570,843156,11
412386,777312,2
602887,595245,12
535034,172649,8
223550,323197,5
812965,330224,6
257856,846423,11
464672,193513,8
631633,337973,1
354529,573677,4
165607,362883,5
623386,387031,1
505400,160422,8
324444,166910,0
797400,315778,6
841045,738224,14
608309,377530,1
847276,121785,3
412851,774986,2
160280,493497,9
612799,537497,12
513957,139202,8
551236,401856,1
882403,534710,10
561725,168220,8
460198,402706,13
816390,711340,14
490355,153464,8
340066,152500,0
339212,538693,4
678606,878004,7
845798,213118,3
735295,814058,7
298665,568245,4
364455,436191,13
460616,174810,8
408992,462226,13
809623,734937,14
330145,546705,4
276792,141848,0
332237,911313,11
424023,737453,2
400545,404212,13
576965,187481,8
606738,601356,12
373360,784232,2
518675,175686,8
653024,367312,1
147599,513563,9
529931,180136,8
894785,440382,10
836727,737798,14
397851,400846,13
184402,546549,9
790395,300024,6
521153,242968,8
235022,911236,11
811031,703822,14
769546,554722,10
304376,222294,0
635887,384511,1
166973,341636,5
276703,559740,4
507311,177795,8
603359,589262,12
620438,511694,12
380139,434251,13
641976,577433,12
818209,719382,14
877835,151890,3
842590,716861,14
859185,553000,10
338342,566864,4
814158,335578,6
325938,164475,0
874643,729921,14
799197,314215,6
578113,395458,1
800913,749332,14
405986,787439,2
418046,358461,13
566666,195255,8
