x,y,cat
360165,553303,0
869718,536928,7
659542,840985,8
322365,530808,0
343217,153037,9
877422,134877,10
399020,404042,2
425356,745471,14
400305,466024,12
153903,353738,5
681049,846975,8
184570,360446,5
614279,599251,11
138073,556272,5
310693,154278,9
490271,216725,6
683048,937776,8
844536,424646,3
321309,569996,0
856561,128799,10
327998,571265,0
660650,615038,11
105353,589239,5
371685,151612,9
749941,916922,8
623433,400160,1
423311,813081,14
353749,391896,2
157394,346500,5
170837,353968,5
843150,156573,10
188093,324040,5
328586,551385,0
630384,376295,1
169145,355279,5
833437,556713,7
712648,607541,11
318681,528806,0
892877,544283,7
807929,730950,7
574989,407228,1
850176,127908,10
473933,191767,4
160206,303063,5
340545,568654,0
804358,320802,3
594029,586701,11
800677,310656,3
122296,566921,5
613037,419086,1
228517,837056,13
885764,151791,10
604554,393193,1
416039,730594,14
614917,600946,11
798983,325682,3
146183,622188,5
199859,316334,5
616468,394118,1
195000,354829,5
687638,439257,1
204854,810013,13
797947,319734,3
588933,366439,1
335999,549795,0
97216,564094,5
812295,728049,7
405117,364266,2
800772,325023,3
855969,193497,10
311516,94189,9
637323,549567,11
313573,109221,9
626700,401688,1
874544,686096,7
844357,163402,10
469782,780552,14
405569,411933,12
605100,573307,11
657094,857640,8
139052,610320,5
674114,970756,8
399346,423786,12
861242,161722,10
600114,413216,1
399149,784376,14
496491,171534,6
438437,730300,14
611318,581584,11
851280,156049,10
236274,861302,13
857360,562228,7
861631,169376,10
874312,574582,7
400727,396769,2
580561,528916,11
861927,562723,7
240308,844341,13
825690,703854,7
823417,701523,7
521032,177084,6
117874,389929,5
756701,207223,10
161387,343617,5
673514,390760,1
877711,703850,7
860563,534839,7
378697,591764,0
427388,815258,14
505512,203857,6
848770,111076,10
822025,749214,7
266111,813259,13
186380,487625,5
331175,551842,0
571334,594145,11
459230,803720,14
425563,163524,4
363437,77975,9
56907,586609,5
599215,391457,1
321216,569834,0
593166,622725,11
381863,416651,2
802254,320673,3
582777,542670,11
353335,592567,0
585175,574133,11
295357,842293,13
360319,778673,14
246182,840370,13
806567,140259,10
795205,316433,3
592924,393730,1
348263,386451,2
830450,393096,3
658590,886551,8
820253,714625,7
400598,790903,14
361159,436327,2
344770,570309,0
357813,572855,0
249857,844975,13
391966,387214,2
688712,568754,11
31842,565765,5
872506,157517,10
397137,742547,14
605958,573728,11
332307,189590,9
794956,309980,3
612936,398723,1
849003,115373,10
432184,395118,12
180506,330980,5
402267,410395,12
333883,276840,9
452570,848127,14
838276,395673,3
168149,345638,5
236207,886769,13
144228,344974,5
872781,154295,10
865113,161302,10
114108,540537,5
239495,163949,9
148319,584541,5
331795,529654,0
854886,769396,7
408712,803987,14
422056,382193,12
139212,557713,5
362753,369848,2
418963,746595,14
849248,164090,10
713088,880834,8
840462,402858,3
639463,847461,8
818119,348676,3
828276,762021,7
617764,397102,1
860870,546516,7
417996,408162,12
559809,162597,6
656642,407213,1
460133,173081,4
356280,185198,9
213022,338238,5
124724,459999,5
832154,559403,7
705518,925936,8
418199,851439,14
808489,317021,3
240213,118409,9
807409,325526,3
786227,765634,8
621560,397789,1
870630,516603,7
656834,885944,8
398311,383357,2
672565,564468,11
437483,785130,14
307616,207295,9
210499,526471,5
870054,738900,7
848563,117708,10
811694,188374,10
590500,418472,1
532549,172894,6
537514,179689,6
591823,639096,11
400468,405703,2
540783,626497,11
505128,175022,6
191257,802651,13
808069,134402,10
867533,542290,7
182618,346663,5
621964,409409,1
563517,391159,1
392660,395873,2
656477,573007,11
726847,875488,8
34795,606311,5
197849,575524,5
629725,405117,1
788220,301915,3
427810,400178,12
829379,718721,7
817269,733788,7
397791,444527,12
541976,512639,11
851088,157432,10
871556,194747,10
803448,314797,3
134422,544300,5
315963,174031,9
383832,340506,2
822670,689090,7
808644,326320,3
822293,786837,7
638004,837697,8
267212,158699,9
400548,402390,2
877510,555087,7
140121,346875,5
143226,522375,5
127202,525948,5
833182,379714,3
780153,136449,10
352381,592377,0
801931,317202,3
854463,159977,10
601644,436831,1
474641,81263,4
328438,532686,0
112184,530469,5
830805,370801,3
310591,841778,13
569692,182365,6
571043,347389,1
436951,814456,14
623137,408209,1
839514,728923,7
168443,367928,5
845120,549830,7
653745,809028,8
853093,586321,7
628655,321099,1
197463,378513,5
537836,177165,6
319208,164182,9
94458,533883,5
828001,524067,7
590583,623314,11
652745,406585,1
501416,172980,6
685124,873363,8
169069,348929,5
854979,539793,7
620955,389692,1
459328,805961,14
844400,150812,10
821464,700760,7
171318,373473,5
270233,195701,9
680592,858526,8
341016,545280,0
694451,863981,8
302359,534317,0
573324,878802,8
437035,755506,14
825596,639465,7
560362,567914,11
311819,140674,9
333143,200298,9
210597,589836,0
677404,883871,8
498389,178069,6
200005,825237,13
189102,333074,5
669118,354195,1
449571,387141,12
281732,221764,9
403329,717870,14
369480,377148,2
688076,833905,8
880545,506175,7
815593,689874,7
248276,844455,13
682699,851115,8
152658,569277,5
858934,162874,10
513181,177419,6
495995,160032,4
159191,309314,5
862759,157988,10
210162,860529,13
335201,585318,0
312726,853829,13
443447,783977,14
797233,713358,7
810460,735109,7
674905,876286,8
354094,424230,2
920249,551171,7
245118,811283,13
659081,860560,8
834171,189042,10
562777,437516,1
509651,149290,4
585207,336451,1
623248,399928,1
639431,588155,11
507674,147431,4
383821,808301,14
327734,163585,9
274070,798617,13
635690,608046,11
837017,154170,10
607604,573951,11
619318,361696,1
617493,379303,1
803627,319323,3
183478,851724,13
141771,551655,5
680228,843225,8
258779,106777,9
508597,173640,6
165657,338722,5
533351,147778,6
582389,428200,1
493897,189627,6
201907,516078,5
415270,775605,14
854012,157449,10
603789,574474,11
846484,719360,7
875311,542259,7
574369,207483,6
789601,714058,7
322209,547247,0
690018,819280,8
316820,150304,9
565829,395454,1
619427,396945,1
118137,579149,5
328657,564864,0
331798,143962,9
611508,503220,11
836225,709204,7
605250,573272,11
403160,392159,2
125351,529954,5
653258,860766,8
362027,150348,9
897131,604582,7
321924,527106,0
412767,593558,0
545365,210090,6
283570,563726,0
846256,154064,10
629789,426313,1
850533,160136,10
488330,173837,4
235901,856563,13
850057,157848,10
453154,776082,14
390282,789593,14
197367,535989,5
373339,398565,2
370252,347498,2
473799,795167,14
873380,495161,7
77875,516899,5
601444,572693,11
113259,568684,5
110479,594587,5
850538,160159,10
172879,347028,5
657455,567754,11
865081,551012,7
343851,193618,9
593601,445149,1
414374,439977,12
170155,343568,5
791199,164843,10
241166,845204,13
141222,572556,5
403365,215735,4
118590,857150,13
338347,337961,2
859577,544625,7
857126,548151,7
345840,561591,0
402109,430185,12
865157,562132,7
604168,555003,11
820327,352701,3
680677,868629,8
700098,894685,8
840349,790707,7
802738,312234,3
343376,575709,0
425019,759577,14
694308,904062,8
118391,553625,5
811277,335577,3
358562,112650,9
549642,157506,6
393758,750953,14
625579,551084,11
672068,874862,8
631446,561156,11
159711,352701,5
825541,151495,10
656957,871011,8
853692,746285,7
139237,548782,5
325958,573367,0
306298,551902,0
807278,566392,7
671404,857240,8
511868,170991,6
178495,373915,5
816955,747629,7
820757,738235,7
598184,531473,11
541435,206637,6
797313,317527,3
861966,562885,7
838146,159541,10
378563,789670,14
139460,557260,5
621726,578003,11
893145,551400,7
627580,840406,8
675382,836312,8
860106,157080,10
789448,738035,7
332853,168141,9
378274,816341,14
343119,382074,2
330881,579058,0
546565,151576,6
175781,341039,5
179224,584189,5
709254,847444,8
895245,150977,10
426040,825049,14
801145,317601,3
87236,607429,5
149269,341445,5
551740,588768,11
618893,419740,1
271123,163465,9
177728,352687,5
786635,269352,3
329859,564384,0
102460,533057,5
802394,87835,10
865084,713697,7
648590,917839,8
415933,422485,12
404220,785798,14
397158,370362,2
850945,161669,10
134134,842630,13
540196,180312,6
98525,579761,5
457338,789952,14
394022,803914,14
889975,589361,7
632060,367800,1
339115,566863,0
294053,878220,13
880275,564545,7
801609,320399,3
821259,750089,7
609030,552436,11
838036,749612,7
454160,102568,4
868979,528502,7
469404,181944,4
153181,277968,5
799291,317500,3
814317,333112,3
320821,165455,9
567188,560044,11
591725,406549,1
241485,523039,0
416359,786189,14
899052,526048,7
800865,312968,3
396710,378698,2
346942,152780,9
814401,341234,3
413556,758080,14
331987,568997,0
786234,267976,3
147911,328024,5
290700,196285,9
184798,392233,5
293201,192871,9
547076,156969,6
800123,312312,3
248427,146381,9
144401,565666,5
514622,206979,6
682053,853410,8
177246,571940,5
386377,574187,0
599647,858702,8
721401,951880,8
878258,158631,10
693783,860206,8
172116,513383,5
722463,882675,8
682420,846881,8
864494,136669,10
537174,194410,6
116860,550810,5
892340,149050,10
142516,559062,5
624369,532153,11
155690,368375,5
318215,180010,9
651740,589474,11
800804,316615,3
659166,861665,8
139978,587153,5
368200,364844,2
291723,177824,9
308726,371721,2
817119,336333,3
825515,738284,7
509223,177592,6
334980,143900,9
834293,161575,10
803370,318247,3
674311,859933,8
815131,704478,7
415222,434798,12
135284,555664,5
245707,844466,13
392185,713763,14
828147,808738,8
858834,149259,10
204922,854068,13
861868,549168,7
789583,287700,3
824835,704997,7
146821,297434,5
789356,159383,10
652233,886054,8
318665,158107,9
402309,786873,14
446537,828924,14
496130,178113,6
396150,430329,12
800258,733812,7
796353,710294,7
326959,154655,9
844086,531300,7
268518,181514,9
292492,99170,9
803216,577565,7
402081,407514,12
848135,130674,10
245144,845719,13
409823,412908,12
402891,801910,14
186806,334070,5
418618,811618,14
855983,534803,7
779897,279572,3
215243,289985,9
874110,541972,7
808440,729985,7
389392,730768,14
509522,174376,6
130157,581286,5
315333,144566,9
276635,875623,13
593865,572987,11
849343,713993,7
784291,581417,7
400079,749617,14
615826,863168,8
680381,823757,8
101722,535117,5
851568,114049,10
243511,830743,13
338588,543875,0
671609,815681,8
345976,148333,9
508144,167733,6
804119,328544,3
306540,193434,9
730287,897070,8
213951,352868,5
809054,345541,3
564416,878492,8
95071,503965,5
655201,411873,1
617447,366176,1
394912,755947,14
560393,389490,1
415806,783594,14
220884,916718,13
871981,649086,7
658735,399039,1
369199,734895,14
336266,148507,9
140717,554093,5
622557,361134,1
338633,563504,0
767482,727417,7
816775,739989,7
393570,579641,0
397889,398501,2
232357,810798,13
404420,577532,0
417447,782955,14
675551,956849,8
401854,402867,2
523036,123677,4
377408,395123,2
703773,870419,8
615934,426539,1
853874,560250,7
253890,807676,13
396548,784388,14
178869,370161,5
617755,401065,1
111174,539350,5
391530,398743,2
409291,431539,12
264627,808661,13
133795,360518,5
412541,806622,14
162040,316797,5
312386,555195,0
132705,557674,5
430167,811490,14
160922,347681,5
379128,418858,2
401478,785370,14
672876,844123,8
130582,565948,5
629891,414975,1
493070,189771,6
827081,694553,7
161345,350804,5
601900,569391,11
163981,344090,5
863102,545783,7
600582,599535,11
457033,127590,4
652349,321291,1
819438,662327,7
586242,396484,1
809453,736879,7
287127,192494,9
842786,614034,7
818668,120458,10
267799,847911,13
304086,576100,0
850959,157920,10
367751,578289,0
608195,447380,1
640432,837036,8
181227,347052,5
671976,864630,8
236431,844100,13
129332,360811,5
887269,166179,10
515494,188459,6
331667,570387,0
615342,413931,1
410336,767856,14
368724,598412,0
321556,163352,9
320210,191459,9
827802,189078,10
494574,198972,6
327695,543105,0
478361,409520,12
328425,159826,9
341446,538787,0
848783,748980,7
683656,842406,8
814732,734183,7
870247,121460,10
810253,323873,3
161154,538355,5
446368,763341,14
601599,388540,1
509039,173839,6
641902,755287,8
790774,303642,3
256889,880721,13
292931,125341,9
334182,558498,0
136418,562926,5
219779,330969,5
510901,175806,6
132497,593125,5
658884,390135,1
397806,749559,14
136078,547418,5
382693,749680,14
862425,741010,7
871544,144135,10
768565,762193,8
822474,780882,7
593317,534085,11
151099,518008,5
142767,538646,5
145758,562414,5
811391,343836,3
141113,351050,5
227363,836593,13
497211,174121,6
834632,541216,7
591831,438997,1
373191,88470,9
407189,437102,12
513991,165072,6
433100,134861,4
358793,547046,0
840299,118907,10
605899,412428,1
563460,480559,1
155228,357729,5
882306,173836,10
185561,342784,5
221706,875060,13
599766,409755,1
619239,400025,1
125715,302114,5
332270,556288,0
862679,188399,10
854996,81095,10
392140,769924,14
170384,339979,5
611875,422910,1
604001,573587,11
306326,164202,9
622101,371771,1
376493,366302,2
800872,672603,7
600996,890782,8
332284,194186,9
597026,642918,11
796943,674692,7
828038,149181,10
863859,546898,7
381340,409680,2
129030,588495,5
658281,582264,11
828179,155649,10
396903,591235,0
222356,840843,13
437568,794323,14
827031,734324,7
246468,838071,13
672387,800443,8
834602,213597,10
426625,475977,12
868626,737331,7
815298,167390,10
325883,560492,0
639502,371440,1
204597,863162,13
152331,529689,5
268672,508874,0
247997,878582,13
170494,560892,5
639507,438534,1
596179,529556,11
687360,862438,8
182239,333302,5
149760,577278,5
781260,737962,7
546640,560043,11
198908,372797,5
783110,289805,3
592804,584539,11
299578,572052,0
843911,730036,7
604090,574392,11
509554,186931,6
147664,559632,5
153607,379395,5
398498,776720,14
800966,317165,3
805977,320805,3
405322,414743,12
868442,160118,10
332116,594868,0
322936,368566,2
879104,595389,7
408428,771823,14
389868,410718,2
333787,189423,9
221233,538472,5
902529,162041,10
849938,156042,10
201753,569116,5
148749,359845,5
626224,569687,11
644693,867371,8
303637,570253,0
598657,442558,1
411957,397796,12
267478,894783,13
103153,601002,5
894268,532597,7
297731,175876,9
135336,552552,5
797569,321799,3
520878,209094,6
125902,318850,5
559078,570088,11
351815,574947,0
342901,582886,0
669288,860515,8
691827,863963,8
187894,871219,13
799903,784535,8
801093,317509,3
415495,116126,4
301983,173386,9
816145,349032,3
236749,813868,13
308489,145929,9
883929,121705,10
235337,831592,13
685785,409913,1
817395,734126,7
144570,573936,5
871873,509094,7
714443,433876,1
257480,849037,13
508907,173787,6
620818,396967,1
820455,729132,7
185966,359964,5
836433,200181,10
838223,766380,7
165158,343946,5
230591,874855,13
29760,557873,5
696601,603624,11
804691,332987,3
367806,123963,9
250198,825417,13
639394,576728,11
174057,358906,5
806192,337849,3
209922,850026,13
328331,541094,0
48143,523870,5
641840,886745,8
512051,145220,4
257472,849587,13
664355,831472,8
325767,164095,9
842824,177832,10
297110,556485,0
825605,167750,10
506069,169723,6
804190,320706,3
230399,842538,13
217686,296514,9
365058,545456,0
877964,242679,10
490037,164357,4
397747,792207,14
540364,163758,6
665660,828338,8
161273,347538,5
123441,594415,5
385338,440797,12
154268,542573,5
346079,220993,9
137098,384889,5
313649,523765,0
603145,574795,11
419721,789724,14
162713,586568,5
473093,188791,4
618053,357534,1
429653,438596,12
720629,816515,8
628264,616214,11
841752,731595,7
851282,153750,10
456025,389630,12
669178,866011,8
624599,417673,1
162606,363185,5
565148,557305,11
769876,257669,3
860986,140320,10
878749,188759,10
633304,366062,1
357275,551101,0
672266,862875,8
218942,848326,13
332470,161202,9
806320,315242,3
659191,459637,1
481083,151953,4
370775,144355,9
601376,579831,11
774526,757135,8
629004,392271,1
182854,534283,5
545235,539822,11
836450,151205,10
247613,815836,13
264798,767716,13
139903,592241,5
589344,563119,11
508789,174256,6
411090,435389,12
390934,170420,9
854769,713941,7
801080,318049,3
589994,610890,11
832798,734777,7
170002,370000,5
533799,564377,11
373943,376926,2
801456,320080,3
404288,349685,2
895565,501871,7
393903,387227,2
357253,388075,2
673292,857105,8
716590,874975,8
361370,552483,0
169966,368623,5
336829,562228,0
175586,365049,5
602667,575857,11
439145,407748,12
822224,742716,7
853562,531620,7
413894,564459,0
136301,569544,5
315965,587160,0
387631,749416,14
816840,539239,7
844088,150085,10
618157,384990,1
600665,638890,11
807017,330432,3
320400,160020,9
172885,352621,5
424228,442208,12
617444,397675,1
900955,185733,10
696144,548705,11
238080,830689,13
38179,532155,5
861381,546835,7
801386,313545,3
577242,574073,11
800816,176612,10
650120,324477,1
332562,174699,9
601212,370698,1
561110,219865,6
178005,594957,5
700340,335010,3
225846,874086,13
798321,319665,3
186380,363938,5
113321,606322,5
723173,872525,8
239387,847822,13
854818,554389,7
344314,595915,0
250394,847577,13
520880,200955,6
854628,773470,7
318738,182134,9
415895,775793,14
477155,161019,4
508228,220433,6
595215,391491,1
775604,274485,3
603566,410391,1
377870,377550,2
253339,750941,13
473649,178184,4
924289,171369,10
846216,528037,7
369418,733394,14
310824,144943,9
198197,344933,5
672059,860501,8
256316,818886,13
169569,346955,5
811502,355939,3
512900,219252,6
64979,538104,5
305915,854818,13
344552,554676,0
470062,771204,14
291170,110147,9
231263,863308,13
280274,182662,9
819670,183364,10
127940,590467,5
598628,425191,1
142575,517378,5
790738,308028,3
603855,575180,11
97430,598804,5
883231,232031,10
633894,404424,1
169880,343122,5
345674,579033,0
406739,400918,12
228095,843338,13
245783,109229,9
627912,593892,11
260922,785987,13
629000,417990,1
477901,173288,4
314666,849163,13
502511,205121,6
849653,143827,10
842719,506205,7
598053,438963,1
419151,577335,0
617310,551945,11
916704,609548,7
528938,174372,6
228711,848090,13
316257,171544,9
404445,402466,12
474368,812039,14
401313,405195,2
606486,420054,1
849537,157510,10
336928,557412,0
858418,546935,7
489182,773934,14
240846,841609,13
683413,861559,8
488205,420586,12
533566,214619,6
389552,750700,14
699124,824089,8
158664,310765,5
407429,399155,12
684091,842566,8
105193,596017,5
861069,548327,7
366794,582584,0
667639,571164,11
210102,333312,5
873527,126426,10
473316,162622,4
502355,164119,6
143879,536650,5
597017,575588,11
651216,815098,8
792990,685472,7
793019,764859,7
456799,844976,14
794667,315069,3
515612,540643,11
878690,739021,7
805462,317833,3
657981,866945,8
905770,531812,7
138220,560056,5
812152,689907,7
595014,632844,11
409701,750741,14
158060,525533,5
465599,383470,12
336023,416862,2
812240,177846,10
850888,736810,7
754841,796342,8
801997,319385,3
835428,731189,7
589244,573777,11
908069,146564,10
161448,373412,5
198712,303299,5
359772,568428,0
125840,520239,5
336974,563207,0
125005,540340,5
817410,346944,3
864088,171351,10
144325,538991,5
876863,176593,10
475944,189337,4
816056,542574,7
402660,406054,12
644843,838626,8
654937,781879,8
866878,501919,7
293746,544468,0
813561,583156,7
536623,213083,6
255185,825960,13
264427,188193,9
838142,156770,10
656156,868643,8
873742,448214,3
196795,190277,9
168274,374689,5
174834,411644,5
251866,864044,13
609286,586782,11
272394,837600,13
616044,533807,11
797105,316002,3
299460,144708,9
394159,411676,2
672668,861428,8
494000,189403,6
848586,789052,7
662898,884734,8
230049,865536,13
108512,525986,5
238084,844799,13
822425,727248,7
339393,209145,9
612184,570393,11
563315,215613,6
875640,561262,7
793684,312065,3
370259,585265,0
673953,835926,8
847728,576707,7
576488,397913,1
140989,537156,5
409142,811927,14
888892,702505,7
798904,324420,3
187854,354777,5
173576,507309,5
483423,111797,4
274495,182470,9
283576,809069,13
779437,281959,3
855656,162100,10
183970,355973,5
608601,418450,1
491382,122267,4
312337,154488,9
830658,368694,3
104862,608089,5
127858,609681,5
857309,139276,10
632125,541413,11
700341,869730,8
872057,122354,10
796609,319691,3
682241,850176,8
821361,175823,10
828297,715480,7
619637,395224,1
718544,888401,8
800667,315995,3
166323,352927,5
634661,446187,1
108232,373112,5
805089,96540,10
601182,582584,11
534461,178056,6
189499,356601,5
416433,786159,14
81648,360080,5
179189,536028,5
794991,291216,3
368864,411216,2
334812,137431,9
589862,418742,1
814697,729209,7
220224,592068,0
807293,347456,3
505384,174535,6
415233,441297,12
94933,588147,5
426115,814461,14
491792,214464,6
855045,547633,7
606289,670243,11
874239,594786,7
252586,806474,13
904133,534915,7
380202,396671,2
807072,687932,7
447192,359893,12
830888,544022,7
137172,523482,5
798633,317300,3
614943,540976,11
824013,753991,7
803457,735855,7
136967,565662,5
176433,350561,5
396617,801039,14
172690,847721,13
483776,213021,6
324952,565867,0
433463,410297,12
67867,545392,5
268938,211870,9
329428,66056,9
343247,564376,0
509956,141698,4
635242,356290,1
292194,906490,13
168067,340249,5
430686,844506,14
925732,210388,10
394018,799506,14
154620,576738,5
444816,409502,12
446538,180119,4
799326,106384,10
801326,315779,3
385140,796221,14
502877,192740,6
509804,175714,6
862925,243856,10
527515,831478,14
141718,549576,5
182499,310438,5
589164,386733,1
675988,841317,8
352220,602793,0
367398,701756,14
320628,564596,0
288954,846991,13
705929,851313,8
561574,621747,11
880833,537039,7
520809,176718,6
414951,852935,14
442260,754050,14
814280,344223,3
803031,325811,3
650859,460072,1
353583,554147,0
159472,372246,5
320972,170417,9
190241,329582,5
292402,184441,9
807420,168787,10
139474,569485,5
676220,858214,8
558478,213316,6
397688,762902,14
424365,371987,12
810277,520837,7
846622,553552,7
411053,432808,12
136580,553967,5
674265,861435,8
292193,125417,9
418155,819422,14
156945,339397,5
499643,171625,6
689628,868984,8
858703,157931,10
388743,388465,2
421187,779726,14
167716,562762,5
879221,655497,7
157193,350343,5
526559,509417,11
606111,617846,11
457561,788245,14
673332,857517,8
659321,404555,1
472691,802678,14
417617,414816,12
424782,449687,12
838808,524944,7
374695,563163,0
340693,569371,0
387103,401925,2
837582,763266,7
649345,864613,8
115363,305575,5
186361,351075,5
820675,168154,10
317331,556086,0
836647,167267,10
346144,560472,0
842616,515205,7
683580,872374,8
343450,570659,0
858151,548242,7
409417,758123,14
335027,565050,0
193275,538687,5
604703,392288,1
455460,153040,4
819541,117296,10
358652,186358,9
609091,437020,1
804706,788001,8
241138,844374,13
826585,366934,3
160222,380591,5
614877,402442,1
585195,555011,11
141924,558399,5
808779,732990,7
803377,319212,3
407040,577739,0
895835,123485,10
345903,561314,0
179483,359645,5
163956,833732,13
673449,860643,8
805080,323708,3
84501,604671,5
140101,341028,5
646671,857872,8
171614,435530,5
788020,765562,8
122360,357480,5
158750,312102,5
109912,565003,5
607911,576556,11
519113,194925,6
321312,574721,0
420083,787815,14
159253,343477,5
168079,347343,5
800694,316789,3
190634,357254,5
222704,824909,13
881789,727577,7
625784,441883,1
442826,795974,14
391555,789079,14
489062,200329,6
865489,548920,7
670119,859029,8
313783,177198,9
437870,375761,12
600679,599545,11
325118,556212,0
417016,774869,14
474652,193224,4
384467,407359,2
795489,287279,3
410019,732704,14
821835,564313,7
371779,814715,14
514219,167014,6
671919,571761,11
866044,584750,7
832372,600070,7
765283,249459,3
619415,397644,1
136569,532130,5
425260,773661,14
672474,868765,8
643965,366316,1
668234,886696,8
813173,354777,3
563763,559454,11
869960,562146,7
596796,529933,11
850607,565348,7
778965,282290,3
541006,175198,6
557378,567033,11
434440,822866,14
341137,78287,9
846772,509036,7
500192,192292,6
626811,372435,1
336585,420977,2
803962,731228,7
347197,591316,0
801526,705057,7
844729,682981,7
491442,116195,4
325125,564342,0
399634,751940,14
309684,150076,9
801441,323812,3
430138,818594,14
616329,529516,11
180493,319750,5
562356,383175,1
846693,429031,3
800231,732106,7
259173,548593,0
813436,360446,3
370839,727884,14
506012,178372,6
793669,724513,7
631182,565466,11
351459,565704,0
877125,161227,10
335476,183897,9
367922,415238,2
289719,866638,13
242087,844255,13
425796,795608,14
881571,532467,7
241545,838673,13
415631,805010,14
325871,558965,0
400550,144359,4
669427,846395,8
669713,851017,8
801323,316240,3
200251,306215,5
859515,505303,7
377758,413906,2
247484,846372,13
613840,534167,11
398478,822297,14
835831,555864,7
137699,556769,5
862189,735684,7
382720,263255,9
507445,193647,6
681941,370225,1
306357,123397,9
271205,817620,13
305901,166656,9
500360,213540,6
293864,241877,9
908506,549611,7
889805,522039,7
125675,360158,5
802012,318315,3
605913,579526,11
872237,555834,7
364844,571623,0
508099,175066,6
219498,851932,13
514173,139330,4
822843,763117,7
661357,801817,8
495165,163113,4
801174,320442,3
839121,736259,7
859177,143273,10
401492,790336,14
375353,117180,9
419700,793447,14
847644,164348,10
480128,785580,14
221994,575146,0
516084,178725,6
808555,600511,7
868736,179354,10
634383,422065,1
825141,535997,7
605891,428146,1
352209,548608,0
393758,439738,12
765502,240340,3
409244,460295,12
269483,848608,13
860520,544023,7
798612,326404,3
486870,146947,4
602365,916673,8
261633,773355,13
326043,553772,0
422261,374345,12
398153,407081,2
915666,506439,7
185071,362905,5
335742,196692,9
508080,175697,6
237120,856814,13
906382,534459,7
476144,772131,14
846090,651306,7
202011,337353,5
152861,407965,5
388806,569524,0
219864,842635,13
325275,866433,13
677896,867053,8
910435,171155,10
424241,452915,12
242443,851797,13
402851,395579,2
182093,321311,5
377975,461076,12
77109,512651,5
841762,777572,7
334350,556417,0
279010,181792,9
533931,173291,6
165476,377389,5
851517,541076,7
823987,687499,7
697959,614701,11
401923,417123,12
895623,178393,10
801301,316893,3
831024,505776,7
804251,331304,3
616040,330855,1
177665,557923,5
378347,144880,9
823108,733302,7
456821,105575,4
882007,593653,7
619445,567491,11
630067,372798,1
681053,892766,8
877440,529137,7
325057,581121,0
829482,475863,3
868025,569296,7
347406,155708,9
845589,192916,10
227819,900986,13
470314,178936,4
496476,140337,4
412109,735920,14
618349,397614,1
617954,395504,1
319155,159850,9
481356,162127,4
862569,719773,7
337894,175289,9
812869,346251,3
461751,817277,14
679747,860939,8
855603,542414,7
339632,536577,0
176278,550602,5
241633,846949,13
898976,198452,10
232043,177614,9
857972,160214,10
832054,751330,7
635324,420555,1
137197,556522,5
603945,361794,1
307747,128551,9
821908,732077,7
140876,334435,5
340712,563178,0
121650,599844,5
411471,446824,12
294310,563522,0
854922,159650,10
765011,607246,7
880958,588608,7
304399,545221,0
795909,462864,3
704574,866263,8
279923,805957,13
496384,166644,4
131874,552586,5
849118,571562,7
140047,540043,5
824185,167369,10
422419,754048,14
846936,161313,10
144306,328086,5
807696,320548,3
407565,766203,14
361875,448199,2
667620,855461,8
414290,393146,12
621778,364695,1
376660,815936,14
849681,125345,10
473361,185066,4
119496,543146,5
628131,406850,1
571692,449353,1
825716,373098,3
871723,685520,7
346717,178180,9
241413,845029,13
511484,160453,6
403890,792420,14
324093,580491,0
517495,186329,6
371464,328177,2
330767,552963,0
801903,312794,3
289087,565427,0
850219,110573,10
138525,534268,5
260590,827955,13
245602,857160,13
141991,539522,5
594720,848457,8
410601,410653,12
138449,555969,5
223732,826580,13
514408,173338,6
69565,599820,5
221002,870506,13
283017,850861,13
395013,387179,2
702654,841548,8
383044,180418,9
861656,545794,7
300366,565761,0
203254,362605,5
149863,284721,5
237689,839510,13
243331,844022,13
171074,293610,5
873636,510687,7
166904,503121,5
262846,559590,0
803932,318781,3
614615,574437,11
663095,949045,8
841967,150890,10
375233,399429,2
470922,770669,14
616281,845406,8
846082,541026,7
138461,558771,5
790206,747165,7
594084,629464,11
357923,192120,9
298800,824277,13
653181,886417,8
150009,371014,5
803386,318982,3
417393,771537,14
182751,435819,5
264274,813041,13
253703,834676,13
246857,852483,13
192775,350028,5
621629,397208,1
673646,857346,8
603021,577991,11
522869,176818,6
233931,838374,13
639418,537903,11
846752,613846,7
837032,509264,7
267264,153034,9
495388,156422,4
850775,162968,10
130683,363204,5
593490,623110,11
386415,801444,14
162124,500069,5
819256,201704,10
241687,844256,13
333378,557892,0
408714,391412,2
397764,406712,2
801634,318965,3
799667,316830,3
679211,886670,8
321262,178491,9
620213,574468,11
347039,195468,9
373907,558472,0
620939,385731,1
502737,174437,6
884750,154317,10
611044,571814,11
372621,772258,14
163796,345091,5
409628,833942,14
171461,348130,5
452457,597461,0
439048,403700,12
460684,371809,12
600117,539079,11
124132,340448,5
139299,314046,5
122986,334382,5
383855,390984,2
345069,165968,9
163091,350167,5
158871,312380,5
411488,837715,14
505079,219082,6
133094,557996,5
860375,544804,7
674151,853540,8
905936,150106,10
401616,404245,2
433989,765343,14
684558,878573,8
710082,881600,8
659280,845579,8
469656,153741,4
123905,508486,5
848413,183717,10
800394,301473,3
857620,709386,7
501334,163002,4
841289,701474,7
817776,525600,7
293591,522132,0
864325,170593,10
515348,184750,6
520782,134308,4
673410,863889,8
818079,108536,10
451853,420873,12
826228,376658,3
818338,800932,8
607665,447516,1
356500,188114,9
638966,486628,1
338935,567577,0
858867,700187,7
799912,323363,3
677459,896720,8
323905,168029,9
862002,534006,7
403751,385539,2
406176,760860,14
107124,325984,5
102898,592834,5
604546,847329,8
326152,563230,0
236740,853169,13
898578,612291,7
286568,547471,0
474527,107596,4
222019,839774,13
400473,408327,12
505225,158750,4
265299,859533,13
614683,367259,1
637594,420311,1
865489,161762,10
597428,569940,11
814249,488483,7
163766,859386,13
417795,405673,12
839339,726322,7
604973,574773,11
331381,162660,9
438860,114065,4
608747,363132,1
365567,547606,0
432892,815223,14
409515,756149,14
19835,570290,5
813781,738344,7
354132,161850,9
145282,391482,5
684739,884934,8
180519,368284,5
424375,721868,14
839445,149778,10
404157,406324,12
138199,541774,5
840059,534876,7
640000,863831,8
675633,863416,8
243941,843256,13
257788,880587,13
605876,550640,11
497406,125809,4
499009,205823,6
430747,776261,14
124516,325289,5
265815,540385,0
216061,848623,13
306042,66361,9
877298,565604,7
169293,348686,5
628696,542447,11
136059,558213,5
341966,561987,0
417673,785965,14
220620,819091,13
446307,796523,14
793560,285392,3
514981,172608,6
658403,611332,11
144502,345417,5
579922,379009,1
138122,557230,5
366688,562413,0
397213,377839,2
651828,468138,1
340970,564831,0
394274,837428,14
823959,737866,7
136606,562296,5
436648,859634,14
411526,784658,14
320718,158610,9
516963,174184,6
629533,537542,11
843111,581603,7
271093,861412,13
232047,522748,5
838587,700545,7
883434,581923,7
822883,728314,7
117959,536156,5
137787,566189,5
795527,315510,3
810467,706465,7
669638,842011,8
855074,542557,7
303269,531608,0
846575,159002,10
683941,915579,8
406337,750353,14
352874,807952,14
369490,164369,9
508797,176269,6
312558,520650,0
821337,733356,7
233105,591646,0
509285,174620,6
704570,845515,8
865020,550686,7
122130,568886,5
615649,429323,1
569197,559307,11
794826,309589,3
391776,409868,2
832651,373469,3
388479,343648,2
202547,601240,0
820238,732928,7
419485,804779,14
332586,566187,0
797009,293194,3
599612,859210,8
321245,141627,9
592714,553958,11
231781,799444,13
270404,183080,9
840425,762290,7
679465,399014,1
511118,175212,6
238524,842928,13
876408,183646,10
801662,318423,3
256120,141529,9
334785,565575,0
395817,788858,14
322789,137560,9
813868,188928,10
885379,603686,7
507741,178883,6
353941,399967,2
819580,545900,7
104489,542515,5
159302,337993,5
859703,156782,10
713579,879202,8
603388,403039,1
501111,157402,4
850965,156224,10
102983,382712,5
289423,559134,0
404359,783919,14
401407,759648,14
128953,304971,5
667280,765619,8
225991,869734,13
238748,551038,0
276600,823311,13
148510,579793,5
805372,313397,3
523329,404632,1
919544,541255,7
110948,539533,5
568570,579335,11
415993,776671,14
889142,154467,10
278929,842054,13
400008,789447,14
854753,190254,10
588952,437524,1
788166,702817,7
624310,398408,1
131523,568207,5
826789,377676,3
137347,622867,5
359831,554975,0
605407,427914,1
674365,860819,8
352910,145624,9
394606,401451,2
300294,178772,9
504728,174541,6
403852,792473,14
202053,322650,5
295375,861990,13
359796,165920,9
363857,784086,14
94382,320888,5
699668,863774,8
357466,354094,2
611357,393577,1
380749,403860,2
336085,170252,9
799001,302014,3
606144,575076,11
541498,192746,6
738190,371970,3
823856,749355,7
620685,880813,8
389410,788256,14
822078,711840,7
684131,898331,8
832621,150748,10
402710,424367,12
808717,335740,3
360703,150999,9
338205,566246,0
140164,531093,5
600032,575310,11
500474,169746,6
822156,732296,7
467535,416014,12
678856,850293,8
802111,320817,3
330335,568221,0
818622,370753,3
816852,352965,3
850453,155432,10
269126,508814,0
372230,412488,2
380609,185976,9
809259,345634,3
345164,579614,0
803202,549001,7
323329,93955,9
846741,539481,7
442931,430123,12
624328,392133,1
128669,574591,5
375573,809249,14
831446,182864,10
176982,354631,5
114311,601605,5
879805,547494,7
507832,181513,6
424811,413300,12
133580,348602,5
424720,768456,14
405714,781619,14
179240,577011,5
276794,384458,2
802431,322048,3
846011,160034,10
499272,168413,6
249616,144446,9
878859,540155,7
110877,562558,5
631297,578351,11
680506,840053,8
511106,122518,4
338044,233264,9
289002,520678,0
415394,396940,12
143592,606949,5
471930,844046,14
937823,540173,7
369044,371649,2
169121,347594,5
240645,855514,13
259973,862559,13
820194,734233,7
352429,359750,2
856619,544008,7
154167,353183,5
582015,546191,11
430243,781020,14
665965,449273,1
130201,562734,5
861023,545953,7
338863,563107,0
795571,310093,3
795124,696429,7
762269,792243,8
305292,175260,9
338717,181582,9
608182,416637,1
513562,229098,6
203667,577260,0
383197,409869,2
361227,221878,9
820367,732364,7
667472,570571,11
142455,343512,5
244618,845420,13
597173,575538,11
408182,408351,12
408689,562521,0
824212,363776,3
825080,746712,7
804474,747122,7
858587,150101,10
353145,580916,0
843905,219401,10
791722,162000,10
160835,347784,5
672598,856928,8
166584,349245,5
617296,386864,1
523796,219588,6
796375,309563,3
506288,177990,6
823618,734216,7
567105,437623,1
857648,511640,7
606587,573873,11
663945,828490,8
636769,854047,8
665775,845662,8
692386,863386,8
607269,536961,11
669697,859388,8
869288,168662,10
338474,564151,0
473514,788780,14
853554,158012,10
504243,237336,6
664260,859029,8
456566,743012,14
867125,168762,10
519421,154681,6
877413,541536,7
618009,867493,8
822722,553764,7
668519,860048,8
837019,215527,10
343651,438750,2
645233,927201,8
535787,199735,6
773292,531652,7
689948,850548,8
851216,516166,7
322101,164171,9
874791,559085,7
504511,149234,4
591484,571087,11
171848,343242,5
380458,329635,2
121786,564225,5
208941,860169,13
322140,165212,9
377941,403683,2
625416,868848,8
314791,163370,9
544056,577786,11
335121,214149,9
372424,413163,2
415672,787824,14
827711,732798,7
833716,758772,7
320827,519618,0
178319,318244,5
163190,331719,5
396520,405610,2
509173,178051,6
507895,177445,6
198415,321418,5
350964,149159,9
233480,289069,9
629247,364078,1
855852,134834,10
149906,546909,5
695092,820091,8
675858,410545,1
925485,596955,7
425950,788228,14
519962,175210,6
675357,870850,8
288675,919879,13
384922,582877,0
117089,561455,5
731712,878998,8
668839,882598,8
394846,407130,2
858058,196183,10
348893,195430,9
340383,600071,0
128788,546091,5
846720,162060,10
835790,127898,10
858537,548576,7
824098,714042,7
439514,758221,14
377215,418429,2
318707,160697,9
876782,536438,7
225356,318394,5
324518,167369,9
839757,190518,10
338474,563350,0
312421,170617,9
653325,396810,1
509773,148899,4
801172,715857,7
385091,599401,0
292932,558293,0
317675,838127,13
391384,413273,2
216975,296647,9
337811,558454,0
673267,883727,8
641031,593074,11
383032,788008,14
667131,849230,8
284031,566654,0
500801,185558,6
141641,557376,5
878696,530134,7
486422,178919,4
254411,848090,13
155508,372355,5
822623,745025,7
181803,799487,13
516085,195504,6
407814,765816,14
677983,890077,8
545240,221008,6
601619,825604,8
626371,349696,1
668482,358452,1
680828,839011,8
161780,324523,5
658034,897179,8
331440,551885,0
185661,404482,5
377230,790154,14
707100,601463,11
425991,787029,14
606324,544357,11
850911,157772,10
851462,526597,7
860259,545444,7
388873,746909,14
382396,405483,2
295537,91032,9
487472,166999,4
758172,608152,7
591051,389443,1
163477,561507,5
825414,734466,7
606809,572101,11
832589,782799,7
294832,124284,9
373894,555347,0
634967,579020,11
865754,723314,7
302583,571881,0
344239,530765,0
349955,535578,0
162975,335389,5
812942,85345,10
137451,555339,5
546031,570429,11
659734,844127,8
414860,773921,14
602335,433298,1
514551,176526,6
186082,330058,5
801204,755177,7
642881,403147,1
399942,385908,2
210497,359835,5
412028,773494,14
470041,102049,4
505293,194591,6
234219,845270,13
790149,565157,7
241381,844402,13
377858,811790,14
884326,479802,7
415598,786499,14
791983,298565,3
371498,393120,2
508535,830710,14
139847,552015,5
228928,855040,13
620330,398630,1
663049,843538,8
318192,170844,9
801493,322249,3
545957,196749,6
402252,414628,12
856991,546255,7
828478,655405,7
402227,414685,12
386373,606623,0
379388,567285,0
149054,556986,5
838764,652792,7
589658,640498,11
673071,856021,8
444336,820061,14
245023,849247,13
636807,424537,1
657184,855509,8
860384,555572,7
324966,170021,9
247939,831010,13
107965,535173,5
579712,568354,11
290210,818593,13
796786,724615,7
366146,196571,9
659193,384523,1
113068,317574,5
264565,859237,13
302266,185591,9
859707,202806,10
900360,153622,10
185696,338006,5
800316,311699,3
621278,888326,8
832010,554080,7
144856,551807,5
845303,150476,10
524397,239456,6
862642,159379,10
391970,419802,2
812634,554848,7
327022,161396,9
444610,400247,12
856202,158811,10
143363,551365,5
296763,528676,0
871780,158486,10
445674,768552,14
704065,832648,8
179463,361279,5
228032,893055,13
183236,338163,5
321657,538660,0
399460,399410,2
294275,174786,9
685551,798742,8
331366,567311,0
587478,424878,1
424476,781552,14
657879,857942,8
412111,418466,12
136531,557658,5
344380,183817,9
291782,159562,9
585255,415823,1
800272,316170,3
847423,161535,10
134725,537440,5
339993,544064,0
486034,196122,6
224083,852922,13
109317,531425,5
608529,586311,11
319829,168353,9
355499,224982,9
112673,516997,5
687078,791051,8
619475,400592,1
800444,311497,3
822616,735941,7
846324,557586,7
813791,334609,3
371000,555062,0
212009,864463,13
648230,857418,8
170022,347877,5
127373,549518,5
849404,170474,10
330127,570072,0
308748,199866,9
589180,595099,11
603698,573585,11
905849,524809,7
419200,403389,12
367048,553451,0
779956,271501,3
683027,876064,8
580048,565009,11
851644,721350,7
418086,394699,12
830445,186055,10
337002,589527,0
360143,155270,9
802814,320130,3
777978,252419,3
839280,539324,7
164875,349007,5
148080,544056,5
268289,878265,13
603126,497987,11
392162,355397,2
894124,202052,10
830159,134329,10
358312,559466,0
405356,391545,2
152054,345632,5
140128,325904,5
156977,424622,5
613191,571942,11
585048,505097,11
368617,554066,0
486997,164803,4
523779,163905,6
800390,309948,3
324440,567074,0
621537,390372,1
274554,845338,13
133744,308918,5
814379,132655,10
563182,367521,1
242247,864253,13
174371,864697,13
210276,824826,13
407023,787385,14
314552,151035,9
408745,824896,14
961951,577029,7
494317,170837,4
185253,344152,5
410506,395586,12
151164,332239,5
651506,856097,8
874877,535143,7
500225,177559,6
171986,429306,5
615094,383077,1
553118,165472,6
554938,347875,1
808452,320117,3
802089,313456,3
870139,566584,7
886532,500026,7
801588,319814,3
900829,590250,7
678869,902492,8
502002,166223,6
803405,317316,3
405350,762342,14
583653,652182,11
572417,403906,1
830583,710990,7
491614,778997,14
232331,872896,13
335029,553213,0
558817,576255,11
522728,184704,6
855593,161003,10
225786,529417,5
802237,318526,3
334983,572690,0
179793,483378,5
646816,829778,8
757470,224976,3
196462,887983,13
423146,737571,14
631316,837043,8
214966,358837,5
892423,530999,7
408147,436628,12
174656,393278,5
800152,576217,7
213208,833959,13
835804,710711,7
816054,733183,7
865170,173755,10
139434,557410,5
477746,163845,4
673140,864863,8
512733,174091,6
679054,898217,8
571669,873544,8
383052,89061,9
310041,533285,0
605650,447537,1
786245,292352,3
143265,548387,5
664325,877878,8
824322,744720,7
569422,567790,11
245468,859425,13
861364,598127,7
666315,872311,8
401411,414503,12
604678,574577,11
286663,846902,13
645464,660478,11
823202,619103,7
858325,586062,7
862334,747768,7
169228,364545,5
169337,348605,5
912649,498734,7
672212,860894,8
797787,301470,3
851919,127963,10
618449,404599,1
460942,779073,14
778867,140736,10
846371,578530,7
404792,749210,14
881109,152198,10
623989,368662,1
482628,171320,4
293978,197091,9
129664,341196,5
334549,579199,0
334529,166765,9
844948,563321,7
642843,909185,8
804630,332333,3
810543,341180,3
306346,523584,0
344364,213940,9
677769,841641,8
435085,791564,14
247855,794626,13
805035,317469,3
801910,325434,3
440782,782395,14
857846,153281,10
514391,156592,6
883567,161769,10
597802,576113,11
224681,858432,13
617319,374666,1
629978,400626,1
860154,113364,10
175169,349454,5
158773,588778,5
663820,416308,1
142563,560090,5
826192,172906,10
346358,384801,2
818063,797960,8
450030,169537,4
331340,524203,0
417231,381303,12
409167,449719,12
673750,594081,11
558770,390646,1
158550,354818,5
793855,298525,3
793892,313943,3
426172,363147,2
859419,546754,7
637332,414017,1
600039,557139,11
348171,569251,0
730383,879136,8
321645,164662,9
397918,462032,12
673196,812941,8
474648,778810,14
801313,300606,3
803057,331037,3
342099,561508,0
824140,729074,7
706906,885612,8
430779,770145,14
634973,450542,1
648429,422590,1
478442,125560,4
329905,579935,0
701017,931252,8
875160,698897,7
225916,843329,13
169502,411323,5
588597,622592,11
316642,553340,0
533551,582247,11
838442,506780,7
610505,851476,8
251032,876118,13
684602,823981,8
329002,727685,14
863995,150435,10
177579,319865,5
190725,336160,5
379593,380662,2
284378,223470,9
176602,574552,5
826465,646980,7
192564,547558,5
424145,743433,14
169322,577938,5
693265,388552,1
396583,82842,4
384572,388523,2
611579,407670,1
103192,550021,5
98675,580608,5
437958,784801,14
520952,169184,6
895127,152283,10
112379,547679,5
697011,856357,8
662684,813662,8
695010,449565,1
796953,726378,7
281971,825246,13
240028,849354,13
627452,835854,8
236495,861569,13
621622,390298,1
387461,394402,2
156003,502860,5
76052,360840,5
219049,825171,13
416775,806826,14
512716,181316,6
541790,172616,6
513362,223841,6
186914,361706,5
198251,335402,5
805658,698630,7
347079,803582,14
347575,565576,0
143732,279724,5
278326,829095,13
848976,558706,7
829398,724900,7
801511,761094,7
317771,154916,9
543616,144788,6
398795,472619,12
818739,545052,7
245254,907991,13
811748,766105,7
861033,507671,7
365223,422531,2
473202,140745,4
333901,532836,0
849599,157084,10
296627,93375,9
914183,620056,7
645563,819480,8
395168,404189,2
861193,573954,7
860151,543055,7
414014,816460,14
828194,742074,7
415534,110526,4
141993,331189,5
340996,170964,9
606011,569426,11
834173,386159,3
632546,389750,1
373917,427628,2
597077,568196,11
594112,399331,1
862571,550965,7
484395,107291,4
312123,419763,2
887896,558572,7
452791,156805,4
902302,514170,7
311408,168232,9
481841,209337,6
505044,180646,6
603849,572396,11
850925,157811,10
258528,856273,13
583728,563146,11
866851,129505,10
425611,793420,14
207552,772091,13
164915,350360,5
396276,785999,14
262370,891499,13
805237,318655,3
276741,143844,9
798059,316113,3
619924,406713,1
494698,176711,6
801551,320544,3
245928,867228,13
839094,159543,10
830620,117906,10
883981,607581,7
277512,151920,9
363932,228249,9
344482,215846,9
606415,581386,11
417494,392231,12
846841,533595,7
860507,526669,7
186536,330019,5
873791,606643,7
801183,316191,3
168573,350387,5
871544,592403,7
282622,879222,13
532010,176195,6
383075,447616,12
717187,883275,8
597421,554767,11
234091,876039,13
664159,550946,11
241005,825301,13
872241,556733,7
337173,557853,0
788776,582930,7
864059,545894,7
808686,332209,3
142668,544976,5
338634,564414,0
519201,139101,4
189029,366740,5
330533,214555,9
215976,836025,13
429220,787348,14
615325,383841,1
803603,327255,3
496069,102201,4
119386,620549,5
345123,577788,0
140962,518168,5
141238,557986,5
688118,911574,8
79285,554817,5
277860,111893,9
185919,363092,5
862785,579661,7
509383,167302,6
307605,840195,13
595411,413706,1
786528,104976,10
623498,399288,1
870936,575427,7
695260,824882,8
232784,169847,9
668502,563937,11
485361,169229,4
227582,856861,13
338860,561151,0
171471,576787,5
878170,123364,10
393828,404314,2
211266,534538,5
800037,317963,3
607905,403460,1
872247,494281,7
857283,548467,7
824822,367091,3
111476,358647,5
850478,566230,7
817777,724927,7
250359,849451,13
145244,561042,5
601885,573083,11
849858,524682,7
195151,317753,5
794142,306704,3
868128,568529,7
599123,616977,11
668567,856554,8
609796,532982,11
448519,805219,14
258135,880184,13
167653,352074,5
619628,399433,1
540029,563888,11
113099,546732,5
384225,784381,14
609344,448128,1
422943,804253,14
506812,167031,6
230107,858332,13
868317,177001,10
334354,578047,0
817619,181929,10
821151,366545,3
567861,856582,8
142663,556520,5
587453,401098,1
399753,404222,2
333669,542228,0
382124,786262,14
133023,574572,5
165573,305517,5
198517,325721,5
838978,622330,7
482568,159010,4
814540,707227,7
361138,551307,0
657985,453405,1
605310,394011,1
775555,719683,7
155430,549012,5
351883,890475,13
848570,703697,7
393402,401018,2
801782,318281,3
436034,385951,12
679788,889464,8
165382,518876,5
473485,847098,14
136232,576477,5
224694,848663,13
391163,811977,14
99569,523174,5
517750,199025,6
866973,550375,7
595063,328609,1
789552,731946,7
139636,565984,5
842903,567914,7
649987,408293,1
326251,549298,0
601967,604428,11
667249,417107,1
803577,712231,7
292636,520371,0
129550,560106,5
399291,386712,2
550216,184337,6
69169,631490,5
304556,568584,0
484348,202813,6
800479,321640,3
345703,149860,9
427850,762201,14
819250,517655,7
341721,576427,0
615665,405490,1
333299,597586,0
519680,208378,6
386436,791388,14
841654,764836,7
620975,564344,11
880362,706363,7
800447,331643,3
906640,587296,7
610199,394579,1
824560,133679,10
445043,152257,4
830065,739162,7
157138,565993,5
673242,886958,8
546632,599204,11
730887,825972,8
617178,414525,1
710910,464586,1
448336,789445,14
598908,254032,6
559877,401053,1
95074,570002,5
636628,533309,11
425053,790566,14
342066,119083,9
310944,559497,0
294653,104623,9
327403,548875,0
223408,520131,5
224288,931476,13
435926,408504,12
342501,336320,2
801055,321833,3
665426,853940,8
238328,770068,13
607084,595500,11
172662,388185,5
194956,372256,5
95749,602775,5
551798,221411,6
368363,409733,2
133780,533275,5
619339,401624,1
411796,581307,0
801586,318947,3
813239,139752,10
388202,405780,2
601187,531825,11
431117,394746,12
448651,847994,14
129997,568115,5
396081,396707,2
357467,797530,14
156430,615117,5
352424,557574,0
261796,819395,13
897286,558004,7
507959,166780,6
841928,398948,3
561388,355834,1
697161,840318,8
95899,530846,5
119535,551857,5
542311,161882,6
338950,572545,0
624106,398619,1
158713,379013,5
429586,775621,14
887556,531797,7
102221,374657,5
861027,546004,7
335918,566525,0
332032,157725,9
308044,164482,9
415881,584352,0
533775,163036,6
864721,548447,7
158283,570550,5
671444,860206,8
155274,552551,5
401396,125431,4
674492,861230,8
369227,397853,2
854374,550707,7
150404,539885,5
823840,368410,3
853291,557685,7
875825,204959,10
786032,701427,7
608923,385575,1
332960,569308,0
499676,196897,6
875990,133950,10
205919,844377,13
138884,529162,5
266977,887963,13
137316,562151,5
115781,594942,5
338583,563529,0
533212,366954,1
796283,315582,3
343018,239960,9
324055,590810,0
869167,105039,10
811389,723618,7
281979,518199,0
696257,894819,8
784164,285702,3
192885,887667,13
137967,354539,5
417146,822655,14
412797,803180,14
789833,304422,3
253899,862843,13
347966,563506,0
677551,860007,8
107160,530936,5
343145,172236,9
520845,176291,6
624415,515911,11
311065,219934,9
795254,296488,3
166799,318482,5
182840,584262,5
467144,147308,4
426689,788562,14
852730,769968,7
841292,155620,10
566609,537592,11
837880,444574,3
291561,845450,13
470047,410943,12
603285,449307,1
806511,313841,3
171277,361020,5
816393,185056,10
298979,774144,13
827169,708345,7
814045,332998,3
803959,315173,3
468350,395883,12
452398,378671,12
126702,351222,5
410418,409414,12
325861,203058,9
814605,354382,3
577728,587566,11
872516,217570,10
398985,413427,12
567565,573952,11
197362,870337,13
177505,332053,5
239344,814789,13
489378,172861,4
117212,565692,5
520461,173217,6
142000,554964,5
500589,181466,6
800565,319364,3
840406,538772,7
606548,574376,11
546166,423311,1
448865,836781,14
105945,528795,5
916082,517633,7
797804,715342,7
809182,319115,3
510496,174308,6
248779,111087,9
417091,792545,14
424190,780052,14
837307,548214,7
649034,528813,11
718088,852181,8
769656,721159,7
908409,591215,7
794615,305632,3
549384,208450,6
350283,559840,0
387330,409037,2
153738,360530,5
884966,133900,10
392534,593343,0
193502,557364,5
613868,585089,11
228611,836717,13
372883,222824,9
638559,558807,11
207218,589497,0
844066,546029,7
334016,562797,0
795299,312036,3
340032,561740,0
798243,324160,3
436362,379677,12
601369,411415,1
321905,573147,0
601530,577183,11
140706,547367,5
290958,168323,9
888697,143969,10
473727,807244,14
689725,465685,1
285258,848668,13
888919,535805,7
512291,169608,6
159271,568953,5
565483,551512,11
820258,351165,3
383022,409854,2
827672,545966,7
809552,342258,3
296164,96874,9
570384,393553,1
852503,146551,10
618405,842859,8
378648,579579,0
261896,897475,13
416110,374296,2
665845,557965,11
429472,860855,14
879902,518647,7
773023,251826,3
242519,845811,13
407188,396576,12
158201,315944,5
367079,183232,9
408500,393942,12
147663,555514,5
107972,601191,5
166654,350678,5
877906,722361,7
618869,577243,11
327973,534972,0
852687,540692,7
345495,579864,0
804979,334141,3
296775,572432,0
348847,425164,2
846594,522941,7
333934,537464,0
453261,148432,4
357014,148222,9
906772,510158,7
823113,733720,7
376613,159699,9
216543,842952,13
553038,606418,11
325360,134919,9
820350,748217,7
417281,410881,12
246470,842932,13
827192,785316,7
413946,786971,14
366478,594677,0
176490,344679,5
825429,732758,7
616737,397973,1
867801,548156,7
898916,630099,7
588100,557588,11
146924,565933,5
134695,350397,5
881217,172320,10
770113,241615,3
860387,157731,10
674496,870664,8
261538,525920,0
515856,148316,6
412677,786951,14
615175,397627,1
811913,325091,3
286769,862152,13
800461,326821,3
804871,317801,3
843572,784897,7
672797,843231,8
804429,312164,3
578509,923881,8
527753,213985,6
411606,137378,4
260943,889692,13
562772,382904,1
318823,565345,0
244027,850132,13
912023,160368,10
316395,537403,0
281548,175184,9
722404,952207,8
834165,140684,10
166597,572855,5
707894,904500,8
296892,901182,13
335525,567445,0
544539,180391,6
352520,566829,0
593689,316888,1
340191,567638,0
674521,861127,8
823455,747394,7
174064,357989,5
593398,559764,11
854909,149938,10
458538,786673,14
853439,518568,7
602167,543919,11
533889,333741,1
410682,349328,2
601390,453925,1
637665,858741,8
800483,320713,3
155505,355581,5
604067,574091,11
374797,407601,2
904450,533427,7
300672,175844,9
345042,566973,0
802537,312497,3
809779,663654,7
849327,548496,7
657450,365008,1
131109,568012,5
839493,521150,7
416763,96639,4
389713,772742,14
861412,205239,10
568546,564911,11
353333,113156,9
666135,430421,1
179830,547383,5
846284,113820,10
319838,170383,9
595193,576508,11
612485,518009,11
491609,180519,6
348177,179526,9
324488,180658,9
891515,520429,7
622407,583192,11
783666,262902,3
490956,124550,4
115287,602637,5
674931,870112,8
852267,498220,7
178235,346006,5
371563,547746,0
618446,372298,1
211360,279794,9
238492,833394,13
415417,785827,14
412861,434751,12
857319,543529,7
803874,675499,7
810657,329468,3
508989,168995,6
570266,188032,6
593879,444161,1
392424,375266,2
864265,549505,7
152584,564548,5
868375,161990,10
179834,541387,5
139911,561185,5
179326,321160,5
359520,132845,9
823589,728083,7
487952,168607,4
629718,558104,11
499262,398424,12
879722,550246,7
883375,158482,10
801751,318110,3
308616,811021,13
211165,825505,13
395274,786698,14
370602,353215,2
267521,119941,9
797918,694723,7
885793,172115,10
834036,144156,10
499637,194036,6
876151,582116,7
850674,533083,7
788005,292268,3
143117,345163,5
400902,772920,14
520819,181586,6
681608,436537,1
885828,586348,7
873136,513309,7
835648,756631,7
381617,157000,9
647103,573853,11
408224,399767,12
505584,176135,6
597551,556737,11
660327,585901,11
415564,784464,14
782368,759352,7
838036,542999,7
332884,533990,0
514934,219169,6
287966,150135,9
889743,560547,7
443618,157237,4
147885,527813,5
610722,418243,1
656658,854609,8
344096,575522,0
873532,712802,7
801102,759330,7
137516,556818,5
258201,153095,9
829133,735488,7
302582,134124,9
319927,524637,0
198823,538624,5
812231,739235,7
198294,552987,5
797111,302781,3
626334,852383,8
525670,184762,6
903840,586229,7
633601,861482,8
606933,576409,11
854338,135067,10
869087,153957,10
605850,533310,11
836739,162321,10
353951,133923,9
650661,861267,8
213775,841758,13
417169,792321,14
192460,388323,5
391976,789416,14
135537,356169,5
629998,877765,8
349378,805118,14
353991,193997,9
247210,859012,13
858278,544519,7
638783,399478,1
667713,847241,8
166449,363036,5
188992,563992,5
464634,173867,4
251070,877802,13
168284,309036,5
387165,404027,2
219686,859997,13
819628,810748,8
183610,321788,5
234837,151054,9
155899,561715,5
399717,403257,2
344915,702496,14
213064,290947,9
528826,154067,6
662177,420431,1
662293,872590,8
173188,355248,5
172842,351663,5
847904,574114,7
425386,379634,12
140612,350010,5
428513,456990,12
669409,415893,1
871689,155981,10
216209,437830,5
856753,145184,10
227138,824372,13
168886,353913,5
600202,622079,11
406233,813072,14
662249,918050,8
666636,858686,8
718257,857481,8
163925,576666,5
823676,152154,10
407289,798870,14
843344,604964,7
613351,407952,1
577167,617095,11
422917,781112,14
182435,365508,5
660333,393215,1
693362,837786,8
356865,545785,0
672818,881943,8
308763,166511,9
244260,847060,13
593840,578685,11
582176,630383,11
224789,866804,13
808405,318841,3
873474,159567,10
838367,536676,7
142899,329415,5
514876,182995,6
339640,561426,0
573969,434110,1
790612,738038,7
367641,556309,0
240171,843940,13
818542,740451,7
799021,326404,3
130440,562623,5
766617,548142,7
866928,716961,7
613682,399434,1
885963,528959,7
593887,210595,6
374117,546122,0
245258,799882,13
826499,142732,10
683585,905984,8
820904,351763,3
700962,927047,8
442979,803024,14
368166,429422,2
849777,531138,7
777811,751059,7
408283,806161,14
807913,737341,7
386068,422517,2
420792,430901,12
864053,139325,10
164354,347671,5
486326,174643,4
852037,649724,7
211265,396792,5
336787,538925,0
257134,845851,13
850451,764015,7
173908,362098,5
900991,497149,7
394436,450912,12
654147,407182,1
875410,128878,10
155479,345893,5
248210,886338,13
874125,543036,7
787336,144875,10
828531,731300,7
507473,227670,6
863042,557890,7
418636,440000,12
343997,585193,0
206519,355629,5
338570,192256,9
796916,323332,3
308066,145825,9
497454,172375,6
606506,766728,8
597418,538362,11
858516,151301,10
840994,578455,7
405542,600089,0
154964,554923,5
806982,316680,3
689363,817577,8
315830,102777,9
492551,434649,12
695646,652231,11
892382,513991,7
416444,783624,14
335235,180161,9
876503,659112,7
248931,844960,13
535564,177248,6
870599,149782,10
856454,117143,10
170271,306395,5
373684,418326,2
853279,560714,7
283784,178305,9
396517,394572,2
831165,783383,7
612648,772280,8
817252,730254,7
753254,840123,8
521152,152439,6
248683,383412,5
222445,891438,13
264293,890923,13
837676,148639,10
644301,925034,8
800304,163436,10
820707,705318,7
179931,536588,5
890613,567037,7
823250,732088,7
336336,563145,0
134261,519275,5
617910,592293,11
165886,348709,5
629377,853726,8
241473,860854,13
606300,566708,11
805089,762512,7
814105,723255,7
788351,737539,7
803701,321815,3
852918,552112,7
238260,882489,13
851166,532382,7
843813,182032,10
321519,561045,0
401240,354085,2
517580,170329,6
622212,860015,8
337343,156614,9
832886,781206,7
854037,528890,7
806626,318966,3
187324,377187,5
787644,297715,3
402031,426039,12
183583,787453,13
382419,110392,9
156474,570384,5
624452,584622,11
502302,210265,6
604352,573425,11
324337,162686,9
335328,562880,0
497582,190801,6
479631,178459,4
447833,819282,14
581240,362971,1
241849,815141,13
401708,409924,12
840943,739611,7
688015,533535,11
682315,843851,8
144705,375936,5
397561,815245,14
325344,159885,9
154412,310120,5
658103,572250,11
376176,795539,14
683156,877209,8
605284,556134,11
383894,179880,9
246453,883061,13
866760,753547,7
350056,566657,0
418140,415328,12
80673,566893,5
270899,175377,9
780927,285057,3
858172,137586,10
680579,836946,8
804251,329956,3
799724,318884,3
317136,563479,0
560237,500154,11
375619,553791,0
129453,321221,5
253129,154296,9
477323,384551,12
855993,225023,10
405325,407466,12
229970,878786,13
797834,297329,3
616926,398697,1
640210,902029,8
155943,576199,5
347492,153416,9
245678,821691,13
347522,587567,0
658199,568743,11
297022,574097,0
607463,477085,1
166973,334724,5
668228,858122,8
856349,158150,10
249370,872804,13
142252,329183,5
669690,842110,8
848137,87922,10
808062,337340,3
813319,737376,7
336991,217448,9
246047,846189,13
625919,402984,1
330455,568758,0
155625,262321,9
806087,326636,3
279251,184486,9
664025,801796,8
138965,558201,5
848264,762550,7
869991,705259,7
297177,88467,9
146070,316860,5
229131,842806,13
183026,545377,5
883537,210648,10
148915,338914,5
492415,829655,14
512241,169240,6
622550,391601,1
339288,588052,0
439793,740773,14
625709,660145,11
673028,860593,8
694897,834591,8
164046,346109,5
672800,874378,8
786935,732999,7
326627,534442,0
578878,420108,1
572244,349463,1
257984,555707,0
256216,903741,13
605535,925341,8
674121,858589,8
849501,552769,7
623502,420376,1
786719,283364,3
626843,367696,1
655859,416496,1
728743,850843,8
324516,522674,0
795200,786424,8
463768,793154,14
709303,897538,8
674472,860330,8
674236,877152,8
201567,881003,13
818251,731938,7
94249,600812,5
398629,401626,2
94061,576129,5
683321,873932,8
577773,434308,1
802655,316263,3
604415,571400,11
576263,547239,11
137740,618961,5
141860,324304,5
649412,856993,8
632952,385722,1
687717,379483,1
157691,334886,5
845802,172285,10
837545,696979,7
626586,415166,1
504755,150226,4
809781,326904,3
410610,765111,14
855177,626376,7
176092,531921,5
275524,559548,0
395450,407822,2
764997,249477,3
520759,184923,6
807446,342555,3
434080,785264,14
778414,260729,3
139601,914203,13
833499,504718,7
368060,76739,9
621989,394856,1
840270,725456,7
622636,456843,1
661430,603567,11
225567,853078,13
773955,239849,3
327738,559624,0
367864,442851,2
851840,110475,10
799794,315080,3
855233,141357,10
199043,270173,9
469470,189347,4
347638,429109,2
335970,846828,13
178515,370287,5
746769,205186,10
138734,557713,5
551867,170425,6
341329,565571,0
630205,338054,1
509951,176794,6
893106,176595,10
139033,593287,5
835128,212354,10
603445,630598,11
327204,152871,9
649088,575733,11
383992,398245,2
351564,573155,0
802853,314938,3
170688,343596,5
632390,363198,1
875625,599766,7
242415,844335,13
442915,420573,12
265246,889333,13
506815,173387,6
860721,547751,7
311093,169734,9
672544,859978,8
612392,916853,8
257841,193878,9
879031,489881,7
636291,360636,1
300726,862728,13
620187,400168,1
617428,397343,1
615239,317684,1
224225,376975,5
356246,549756,0
680261,863401,8
649968,371445,1
832490,450680,3
776000,780347,8
176506,351827,5
506361,225237,6
515230,149567,6
387756,435588,12
417515,787648,14
811061,333595,3
866560,165110,10
68388,574380,5
270729,67329,9
883062,547498,7
422198,724557,14
869369,536868,7
402069,434868,12
403522,785432,14
506142,170513,6
913298,162009,10
630904,404643,1
844627,556401,7
289531,145743,9
341675,560197,0
910683,612854,7
116492,509399,5
141861,328909,5
495032,203929,6
559076,190770,6
804013,316083,3
399077,403968,2
797242,324588,3
256082,831969,13
315850,573154,0
399587,792459,14
358384,556361,0
832238,725434,7
348815,150017,9
687325,883004,8
864185,161232,10
541220,177840,6
300021,159185,9
261622,869706,13
391439,399819,2
854654,549222,7
798981,311092,3
141699,530028,5
418149,790096,14
407694,718592,14
838328,185708,10
519003,160741,6
377720,727349,14
869471,745767,7
335003,151395,9
675013,876331,8
659046,930099,8
76661,531044,5
613545,574733,11
850904,720163,7
650720,817440,8
431437,436764,12
342064,570045,0
800845,311838,3
800959,322309,3
445199,763833,14
236987,881080,13
860606,152843,10
221126,837878,13
804038,306622,3
321050,422497,2
353939,570931,0
339732,163158,9
826192,577784,7
311433,134432,9
856167,542249,7
872033,558924,7
350480,214608,9
616561,619007,11
496658,816784,14
670519,870010,8
168805,351913,5
241972,840749,13
350798,535657,0
806888,492319,7
502500,176532,6
923120,170161,10
682100,853708,8
859213,538040,7
829216,121494,10
680357,620811,11
809594,344872,3
369249,797068,14
873984,580836,7
396621,381952,2
858042,178196,10
843432,490725,7
510739,121103,4
304157,566007,0
852410,187705,10
818756,743887,7
668879,388617,1
821906,732848,7
613536,395801,1
636871,929410,8
626539,394908,1
509279,180548,6
611954,360938,1
603055,589818,11
389520,406500,2
88703,577217,5
412388,784064,14
165945,345849,5
288068,561932,0
825997,730652,7
285865,167818,9
810903,332925,3
457554,795861,14
371616,570648,0
359740,379592,2
398724,404179,2
830226,483466,7
932662,537069,7
412453,784453,14
878184,487392,7
414448,429790,12
398980,407667,2
341925,569393,0
181463,326571,5
174878,362329,5
209553,326461,5
605107,563429,11
594010,570095,11
665308,868551,8
860863,546060,7
165653,317602,5
282603,846165,13
795322,311178,3
602873,527864,11
803774,334756,3
800582,316980,3
201324,574588,5
676480,860779,8
274505,864723,13
304283,183656,9
616054,371666,1
377042,182019,9
518068,137556,4
402677,412615,12
418623,404382,12
392447,408539,2
191099,341570,5
802004,317772,3
397618,404912,2
448649,813885,14
844234,153197,10
669430,905798,8
238308,790723,13
596481,567449,11
794640,313497,3
608687,374928,1
828589,652430,7
575116,345564,1
514739,189624,6
165104,543395,5
395246,392783,2
497815,165151,4
474135,199330,6
363956,609339,0
604737,574591,11
849126,121710,10
220869,407358,5
413549,408517,12
859298,139834,10
840886,397888,3
844617,499013,7
211584,591058,0
297212,546223,0
834483,173379,10
449683,388863,12
571570,375257,1
824475,518063,7
467697,168082,4
696808,866039,8
289176,571435,0
861563,661642,7
842907,133992,10
86243,559135,5
394761,461494,12
800235,316652,3
567428,580005,11
641070,424917,1
174438,319075,5
851010,157593,10
609532,388425,1
860845,155375,10
245532,846331,13
416019,787562,14
798472,322218,3
629369,398359,1
857818,534525,7
122755,434879,5
829790,205695,10
821428,153468,10
282957,179982,9
309399,838744,13
165881,364469,5
481133,781413,14
803470,319069,3
173978,346514,5
854412,725575,7
315488,160339,9
668367,855686,8
682510,905902,8
674463,862486,8
572029,518313,11
331616,565089,0
241475,850889,13
371548,414612,2
365147,790525,14
407626,771304,14
836081,178429,10
621241,368090,1
325279,168587,9
927170,250593,10
484407,809641,14
460371,780609,14
271424,251323,9
843891,721571,7
411171,426853,12
576235,462612,1
209264,836661,13
739318,810528,8
841130,529745,7
751215,828365,8
175766,380534,5
576158,210283,6
282430,560217,0
819768,346596,3
139641,557503,5
260096,530550,0
860927,110775,10
801482,327644,3
389510,370897,2
819439,735945,7
261819,863523,13
617689,397001,1
861519,531277,7
869818,543227,7
256487,868899,13
682481,879399,8
676962,897430,8
800133,327081,3
390538,157197,9
816091,747764,7
220156,589643,0
394708,739061,14
578804,573582,11
246729,879602,13
176144,353300,5
798308,312788,3
198493,326704,5
865030,541150,7
755829,751858,8
852104,134678,10
370955,325071,2
588964,597435,11
810775,160434,10
244257,776516,13
620240,397022,1
471328,176297,4
890223,556874,7
402666,814060,14
839012,550376,7
363959,810632,14
801667,318542,3
835030,668528,7
708244,871834,8
610263,574422,11
864211,216526,10
854095,158510,10
824624,381716,3
678195,860537,8
864667,143614,10
252199,828023,13
125756,579609,5
790712,745884,7
517882,175467,6
671235,856653,8
387951,813315,14
589900,217899,6
769386,259892,3
822533,758955,7
344237,573700,0
427371,819417,14
693997,774817,8
277027,536847,0
375971,427549,2
804408,337683,3
162921,317643,5
292872,896822,13
218369,851387,13
432052,613723,0
407504,803363,14
787988,741203,7
514722,190943,6
130657,555545,5
804702,315881,3
153583,352282,5
392795,817694,14
383878,376230,2
384591,137729,9
619332,401992,1
700747,821557,8
397399,403186,2
679818,860064,8
683252,858182,8
418996,389541,12
864040,538985,7
342963,582232,0
219316,898830,13
687043,806921,8
306421,145493,9
850200,164752,10
797594,302109,3
645171,595209,11
432656,783776,14
857328,143692,10
228715,837572,13
244799,841688,13
850376,739749,7
229567,855332,13
591955,378142,1
137680,555667,5
344791,578536,0
826048,374236,3
275288,212315,9
271395,862063,13
688098,908495,8
250003,859517,13
177241,292639,5
149758,564768,5
690195,475150,1
403004,613466,0
169876,340860,5
237757,834092,13
674134,908464,8
838515,768484,7
556780,409205,1
202627,179376,9
226433,837646,13
674659,860894,8
315146,160782,9
311163,166821,9
638823,411764,1
400055,131725,4
817862,732248,7
183516,374212,5
846257,145306,10
351352,362910,2
188424,849785,13
837718,761480,7
805884,549492,7
513010,141058,4
366654,802105,14
803796,314893,3
159428,300364,5
587466,564953,11
489504,146224,4
226949,889283,13
578496,631434,11
847812,114745,10
343717,559909,0
789095,895634,8
783491,288029,3
592620,446156,1
158571,361986,5
607214,575069,11
345692,788190,14
169628,365003,5
647968,877873,8
844662,654835,7
870214,556246,7
807401,314610,3
393424,399084,2
202175,495076,5
562704,570596,11
315670,160928,9
422776,808328,14
169994,409806,5
653592,959882,8
170816,547069,5
906396,535803,7
451753,383440,12
283474,532727,0
332246,172932,9
512560,224816,6
817441,709397,7
843715,568319,7
145251,553486,5
631365,450732,1
665697,929571,8
806848,320541,3
137657,611252,5
613719,382828,1
230149,886583,13
538994,179328,6
510414,142485,4
297183,841456,13
138349,554238,5
639997,865965,8
399188,402459,2
866051,172932,10
158366,537970,5
823065,733789,7
573925,449341,1
206219,604081,0
298214,820903,13
340048,131847,9
459556,818479,14
876935,684572,7
507786,199578,6
864991,159874,10
424089,352640,2
400380,588221,0
674961,865594,8
174373,363552,5
797178,310439,3
800041,318331,3
341775,425156,2
823974,725025,7
684568,380640,1
416893,347737,2
602013,574722,11
321775,164846,9
586097,567445,11
611581,572630,11
685821,816579,8
240221,843932,13
691600,397893,1
825404,733788,7
461701,188438,4
798056,714380,7
142265,546135,5
860473,545982,7
657811,885904,8
879309,561548,7
729194,856897,8
170425,316185,5
797162,306135,3
434717,808225,14
630706,388370,1
385804,393101,2
363075,162238,9
146681,562995,5
508551,174306,6
235084,818866,13
376557,109320,9
555904,640401,11
160369,353500,5
575022,213534,6
451670,388347,12
650157,402991,1
412227,787450,14
151374,538387,5
818932,728481,7
172756,612694,5
336549,565597,0
870801,476330,7
412615,403902,12
817640,730018,7
299821,866288,13
424840,479570,12
156041,295117,5
208494,850615,13
811745,461099,3
613871,550423,11
216846,737568,13
674433,860605,8
415136,446807,12
244966,841126,13
664639,925795,8
528766,239937,6
405470,392374,2
310529,141617,9
749723,781756,8
803540,754792,7
393659,439272,12
814553,164190,10
646422,900526,8
898736,548642,7
116142,550919,5
416926,785113,14
257926,936947,13
205466,778884,13
269354,811847,13
206660,575002,0
537211,376777,1
791355,529644,7
206687,342276,5
839974,154358,10
321910,573825,0
331862,169092,9
131532,536658,5
829673,730398,7
307913,91419,9
350428,392503,2
174410,372064,5
712262,856869,8
618600,551446,11
651576,865180,8
618391,348381,1
866139,717138,7
321517,569562,0
872285,750708,7
94571,528963,5
339482,151261,9
392919,405103,2
856437,532452,7
207804,354938,5
486891,175164,4
627727,578737,11
683098,847245,8
341559,562163,0
599870,591110,11
331212,162496,9
636500,587401,11
628080,562986,11
623004,508050,11
485968,123023,4
429515,393708,12
593061,579188,11
335792,541310,0
618869,398187,1
166290,521714,5
862117,600081,7
74519,527539,5
804354,309671,3
413241,771595,14
229280,813483,13
138012,558263,5
235041,823732,13
850790,525740,7
814108,344096,3
266980,825990,13
229857,843917,13
327927,168535,9
187858,381077,5
613921,394043,1
808777,512952,7
256073,917590,13
396540,815936,14
279008,521035,0
862062,545736,7
870337,534303,7
821895,732158,7
324442,567881,0
856924,169071,10
545699,174099,6
650054,432740,1
307300,836132,13
312275,145173,9
505117,141877,4
321822,187102,9
224676,859348,13
604294,574368,11
848974,199427,10
411008,607342,0
849751,167033,10
258416,835432,13
526802,551524,11
786495,759000,7
680646,375662,1
829623,732301,7
661166,404325,1
93136,613387,5
355168,114823,9
392258,405478,2
187314,815820,13
828005,145089,10
299772,828655,13
172882,571145,5
321778,158339,9
407576,434017,12
620610,395343,1
170616,352610,5
139451,549580,5
418410,795929,14
245740,814541,13
347050,150472,9
895723,126593,10
55359,623076,5
198583,860431,13
251958,886571,13
576987,392508,1
294492,832336,13
843833,170416,10
375997,806621,14
354767,417464,2
488800,197919,6
608768,610525,11
194258,914691,13
856552,545271,7
817135,349925,3
598759,582942,11
782506,279930,3
881106,105566,10
414249,796590,14
875248,462524,3
822103,732911,7
101553,517715,5
676767,832479,8
402367,782997,14
336845,172750,9
848628,503773,7
340064,550509,0
249209,801933,13
806827,324616,3
611547,411952,1
842576,153072,10
879500,590791,7
148385,538149,5
675902,853961,8
658219,436184,1
541455,223176,6
223226,546198,0
416884,786845,14
406184,394506,2
847292,559228,7
617330,369828,1
144620,575370,5
186503,369651,5
405652,622938,0
616060,590779,11
166560,559687,5
244246,847589,13
820083,728310,7
416750,435776,12
485110,150541,4
715956,900724,8
895680,609341,7
160165,362858,5
603193,371867,1
320000,162605,9
392728,411341,2
440667,768761,14
850046,108829,10
796952,318633,3
662154,385013,1
441950,785934,14
324032,577807,0
410917,614521,0
280519,165350,9
798007,723995,7
376145,414107,2
344710,213543,9
801166,322298,3
859492,572224,7
465734,114090,4
837457,518745,7
265430,151883,9
224852,934148,13
642157,345545,1
803369,698753,7
886773,509047,7
238714,858826,13
392428,402295,2
736557,897961,8
803277,319525,3
393825,453067,12
801780,318992,3
481067,172555,4
862534,547936,7
521006,163218,6
545455,182232,6
783116,265635,3
348191,165419,9
615032,402225,1
188480,870646,13
606929,571420,11
630491,379017,1
363208,238649,9
673826,880137,8
355924,577596,0
382222,441817,12
779936,774397,8
468907,448885,12
515450,173220,6
841096,188742,10
882097,161493,10
657120,386782,1
803839,310353,3
677362,853471,8
891699,170415,10
660103,414557,1
390182,360941,2
318065,581616,0
680969,838864,8
423371,373970,12
420489,448078,12
277055,860813,13
328851,147002,9
498730,183037,6
605073,372055,1
639613,388524,1
607440,403119,1
670957,810768,8
660459,860658,8
340966,420480,2
341578,558672,0
333805,148479,9
419520,778231,14
322841,169735,9
337910,562252,0
480876,160465,4
224241,828996,13
608557,590278,11
819843,570485,7
840335,164912,10
244899,812192,13
888714,205560,10
467107,817914,14
360945,167952,9
619295,397643,1
339137,160334,9
369366,561201,0
315013,318367,2
568824,570203,11
397735,448097,12
814561,575281,7
809550,327365,3
419118,421655,12
333682,401078,2
338753,563384,0
127964,538935,5
319283,158983,9
415521,368125,2
328775,156501,9
691716,873426,8
838821,563842,7
412500,594675,0
808153,737136,7
790932,305223,3
664903,839150,8
250921,819639,13
197735,355477,5
610980,522819,11
873672,734440,7
312227,159417,9
396556,406492,2
420319,794333,14
905005,164126,10
802041,319504,3
337889,558031,0
308555,134011,9
491145,206344,6
819058,729125,7
249253,856047,13
683697,581516,11
283571,109326,9
859679,541785,7
638078,629421,11
472917,830363,14
502915,183059,6
679799,858680,8
469139,810971,14
244049,817710,13
347933,797148,14
824765,761114,7
847097,176660,10
794265,594573,7
278116,185472,9
793791,581315,7
803464,329093,3
566524,179796,6
679237,862389,8
679242,853941,8
101427,615890,5
407334,445969,12
839088,528460,7
803375,311620,3
401162,412142,12
782642,275308,3
385183,556284,0
624343,403629,1
799275,324108,3
852423,159874,10
802184,751958,7
871597,185239,10
797205,313318,3
579773,568698,11
327608,177638,9
305333,171939,9
838609,140215,10
680757,826912,8
617118,374098,1
310386,171068,9
170102,323164,5
850153,155701,10
385257,791581,14
647354,579190,11
648443,845340,8
421352,799127,14
511289,183247,6
874672,104851,10
285152,520229,0
167262,399527,5
627206,402647,1
605927,572533,11
358483,554925,0
409616,575024,0
170788,373545,5
577473,384210,1
256512,837094,13
784838,771499,8
234604,822462,13
111855,531542,5
213558,873714,13
793875,473793,3
152957,321354,5
398255,405428,2
105568,584102,5
469422,822619,14
480787,147737,4
167330,332452,5
146072,288800,5
130805,354417,5
835581,147664,10
669748,863109,8
497255,188783,6
246753,175170,9
662830,420955,1
807421,317527,3
179609,408365,5
803332,315488,3
222682,806314,13
841353,125628,10
690968,555952,11
784151,283760,3
518892,165875,6
716139,621721,11
330750,561657,0
804925,735492,7
401730,354294,2
514428,222503,6
529409,157228,6
821079,800206,8
58190,608304,5
468229,827985,14
402566,415798,12
618676,377015,1
405902,394724,2
818014,140185,10
484678,123623,4
357679,548036,0
686324,364237,1
851866,156896,10
282066,560178,0
311328,159477,9
206561,574789,0
419227,779215,14
507862,172954,6
159392,351000,5
833661,389733,3
437116,148591,4
151701,574146,5
538571,654649,11
757421,774445,8
802674,727804,7
472054,129986,4
611315,560757,11
380281,205779,9
817807,715863,7
207217,878249,13
848108,161786,10
267662,127175,9
829240,591428,7
293350,175997,9
309501,166931,9
363304,553764,0
664156,846474,8
261120,804153,13
840020,568424,7
268926,813783,13
610666,551701,11
610676,449688,1
795836,291870,3
414562,787355,14
608298,573748,11
603472,894573,8
887780,536497,7
821909,728448,7
610026,444858,1
483807,198925,6
98533,355691,5
659529,498474,11
436641,55171,4
333937,51121,9
314519,146787,9
825070,734215,7
848290,143184,10
823913,369439,3
642607,374702,1
759789,229116,3
529858,213114,6
878519,606677,7
493714,173387,6
159496,331641,5
414036,742189,14
411674,402377,12
608711,373665,1
328423,161604,9
394599,409068,2
397331,407010,2
595580,798572,8
797415,319840,3
551291,576721,11
420616,401526,12
627968,574625,11
815455,755486,7
497254,171940,6
321182,150806,9
634800,823669,8
797272,324228,3
534702,244239,6
776131,248465,3
549147,171454,6
659297,373975,1
817018,729596,7
810817,509540,7
189752,865463,13
802482,335269,3
588432,446279,1
396118,794614,14
873690,156226,10
617717,613939,11
317217,163896,9
284077,905181,13
316263,163806,9
508805,429073,12
120357,560737,5
829747,530312,7
474516,189144,4
232246,844226,13
119237,591137,5
856029,730586,7
158596,562634,5
164847,287064,5
837312,572687,7
683610,910782,8
802784,313853,3
188985,367645,5
665048,854911,8
824674,806300,8
117585,391892,5
813124,157130,10
434581,123267,4
420509,788730,14
244743,830888,13
841843,503359,7
573755,218049,6
404273,429948,12
366934,581294,0
528094,178343,6
316313,570785,0
269723,849664,13
359352,162962,9
558307,203307,6
591851,569051,11
154162,536416,5
511368,173673,6
791470,751113,7
168036,807011,13
721905,378957,3
407833,402474,12
524502,248106,6
115905,560139,5
684537,843821,8
509928,184873,6
625728,579460,11
159654,381778,5
435067,403802,12
399693,395271,2
601339,571609,11
418621,840463,14
258975,837353,13
414377,771258,14
792179,148539,10
520763,250478,6
235671,300234,9
410969,770451,14
253655,821946,13
339981,565418,0
628715,434772,1
252845,181181,9
332201,181702,9
159683,838958,13
810502,336169,3
610330,552628,11
846512,683647,7
688487,383589,1
789388,712210,7
854342,541611,7
708262,945359,8
829529,375007,3
392576,406460,2
130883,557824,5
416855,794023,14
824594,741664,7
267049,950249,13
562920,559223,11
620330,396776,1
441415,780207,14
295311,115000,9
409814,836083,14
923996,594948,7
174672,345849,5
422961,821595,14
414317,828815,14
338084,560295,0
825395,715780,7
318266,171979,9
550086,442382,1
402071,427626,12
313609,860065,13
145867,363616,5
398617,402424,2
850577,157049,10
180633,570302,5
162600,392531,5
284757,175853,9
153185,562792,5
329029,204399,9
858819,544904,7
808097,502521,7
858057,542933,7
617573,386848,1
528679,199079,6
339967,562602,0
624293,333944,1
863391,126214,10
857833,170565,10
302353,545544,0
237750,837381,13
153326,558408,5
813092,739043,7
261093,844962,13
806176,320301,3
397669,792218,14
579564,428498,1
341966,586266,0
822664,720677,7
695514,321521,3
182050,424341,5
127503,623654,5
387039,365758,2
801177,737548,7
398246,406245,2
166840,562425,5
535453,200970,6
294326,807584,13
135849,550612,5
244344,185382,9
420476,750495,14
794260,129843,10
555429,604551,11
850787,125678,10
838239,576018,7
321522,163852,9
618113,400002,1
165284,425978,5
365927,571713,0
832086,716249,7
653177,819935,8
783999,732487,7
274685,883097,13
676360,866112,8
357737,597104,0
671325,856592,8
675866,868784,8
801309,318213,3
188909,341194,5
663578,586265,11
857231,551055,7
198892,322470,5
723397,859761,8
448231,384406,12
407460,791404,14
584077,398498,1
146120,576624,5
399858,403574,2
823740,169808,10
837977,728814,7
286990,529505,0
617399,392653,1
801810,728106,7
658748,777680,8
606558,458285,1
291973,127483,9
671772,860357,8
836951,546244,7
400538,407020,2
330482,571217,0
274321,219665,9
864374,150149,10
860951,162251,10
507092,175151,6
247892,115217,9
344437,529492,0
663168,859429,8
354601,358760,2
816615,770855,7
380236,460907,12
883864,111281,10
610698,396326,1
144242,557674,5
400257,404936,2
165689,356983,5
280110,522025,0
861994,160156,10
599808,596484,11
371052,147369,9
871255,140340,10
604157,574191,11
256949,820470,13
349296,557688,0
634004,895206,8
655237,871554,8
401330,395538,2
505603,147517,4
850663,157840,10
811971,664520,7
392046,391220,2
676694,851597,8
750459,800215,8
848151,741869,7
233284,860085,13
314479,178821,9
219321,848396,13
333789,151168,9
356739,417826,2
596891,579476,11
167845,341409,5
265125,820661,13
264175,824349,13
584895,574666,11
813645,328765,3
275459,190178,9
519396,177174,6
220931,876605,13
414997,432597,12
549945,372313,1
417023,771194,14
307107,174760,9
672628,882986,8
395641,808571,14
427749,457110,12
400660,404811,2
805390,319676,3
533577,355107,1
884613,507507,7
361814,411086,2
323747,163351,9
76253,529394,5
805391,732659,7
157181,346842,5
840357,169437,10
139146,569516,5
127134,379827,5
462658,75167,4
915504,527751,7
801539,318482,3
185935,554627,5
913686,576892,7
480571,204150,6
838129,404012,3
134449,557556,5
93459,514032,5
857363,154639,10
181561,358111,5
164453,544085,5
658734,883214,8
221122,832810,13
866987,154415,10
815652,733433,7
835702,176502,10
516888,152451,6
202913,525966,5
337298,565486,0
829229,143653,10
389279,424006,2
173847,514665,5
820947,730529,7
547270,403384,1
888504,147016,10
270201,236813,9
803780,334441,3
263626,851699,13
422736,790806,14
668772,858570,8
109090,326101,5
645677,814395,8
239505,885057,13
866352,535933,7
671269,590258,11
172020,342883,5
273165,852766,13
178264,330827,5
345234,188822,9
321344,166633,9
777697,798253,8
834996,728517,7
840863,737972,7
878157,210496,10
870826,524625,7
860230,528054,7
442286,755194,14
430001,765803,14
522993,595581,11
893991,544467,7
589112,536573,11
538228,168834,6
411721,717873,14
376444,371957,2
327569,158418,9
889260,541423,7
486224,196184,6
605911,379990,1
575440,568511,11
201080,823689,13
177858,352255,5
525967,565687,11
598671,854219,8
353979,578923,0
414512,793966,14
665828,868934,8
819737,737829,7
846646,548548,7
378824,430343,2
434815,388041,12
358830,431609,2
194033,340466,5
849547,738979,7
806131,312752,3
179811,342089,5
504096,192493,6
385561,718324,14
260930,184935,9
506612,858859,14
308966,523409,0
165356,570715,5
399997,411205,12
868493,677155,7
836874,555991,7
584938,344365,1
801232,307078,3
504373,165819,6
290107,571927,0
528011,201615,6
833504,744564,7
802646,317894,3
417197,778243,14
823584,568458,7
428667,451233,12
842281,175525,10
332913,385678,2
666516,859837,8
604438,574666,11
496006,191010,6
460628,434107,12
627679,395601,1
682304,876841,8
846731,162515,10
291228,101272,9
804936,148980,10
582057,543124,11
130249,579307,5
829969,699565,7
161475,587507,5
808710,330379,3
693699,822637,8
333942,143344,9
511030,221292,6
243951,865415,13
516128,178722,6
350117,535859,0
156984,430950,5
179472,342273,5
321620,169950,9
149092,352682,5
844734,164570,10
404782,557913,0
377588,402670,2
669366,869654,8
614497,830844,8
831779,577161,7
159120,340829,5
324121,96346,9
395210,357805,2
146678,558942,5
804332,319006,3
888111,525539,7
342400,426090,2
597620,586226,11
800655,320227,3
618406,404239,1
600007,377908,1
359036,365793,2
142886,556511,5
184412,537050,5
257093,801567,13
283786,133973,9
798523,324500,3
222727,770963,13
559933,403956,1
840375,155757,10
863706,491401,7
347630,120931,9
867993,162841,10
326040,156509,9
809917,762429,7
143912,595772,5
125548,552424,5
853348,525893,7
348773,583528,0
609219,362804,1
832758,707452,7
598634,619900,11
840100,728839,7
105444,361358,5
270742,847836,13
354746,552404,0
108651,521409,5
248570,843156,13
412386,777312,14
602887,595245,11
535034,172649,6
223550,323197,5
812965,330224,3
257856,846423,13
464672,193513,4
631633,337973,1
354529,573677,0
165607,362883,5
623386,387031,1
505400,160422,6
324444,166910,9
797400,315778,3
841045,738224,7
608309,377530,1
847276,121785,10
412851,774986,14
160280,493497,5
612799,537497,11
513957,139202,4
551236,401856,1
882403,534710,7
561725,168220,6
460198,402706,12
816390,711340,7
490355,153464,4
340066,152500,9
339212,538693,0
678606,878004,8
845798,213118,10
735295,814058,8
298665,568245,0
364455,436191,2
460616,174810,4
408992,462226,12
809623,734937,7
330145,546705,0
276792,141848,9
332237,911313,13
424023,737453,14
400545,404212,2
576965,187481,6
606738,601356,11
373360,784232,14
518675,175686,6
653024,367312,1
147599,513563,5
529931,180136,6
894785,440382,3
836727,737798,7
397851,400846,2
184402,546549,5
790395,300024,3
521153,242968,6
235022,911236,13
811031,703822,7
769546,554722,7
304376,222294,9
635887,384511,1
166973,341636,5
276703,559740,0
507311,177795,6
603359,589262,11
620438,511694,11
380139,434251,2
641976,577433,11
818209,719382,7
877835,151890,10
842590,716861,7
859185,553000,7
338342,566864,0
814158,335578,3
325938,164475,9
874643,729921,7
799197,314215,3
578113,395458,1
800913,749332,7
405986,787439,14
418046,358461,2
566666,195255,6
